$MeshFormat
2.2 0 8
$EndMeshFormat
$PhysicalNames
5
2 1 "copper_half"
2 2 "steel_half_heated"
1 10 "left_fixed"
1 11 "right_convection"
1 12 "top_bottom"
$EndPhysicalNames
$Nodes
1681
1000 0 0 0
1001 0.0025 0 0
1002 0.005 0 0
1003 0.0075 0 0
1004 0.01 0 0
1005 0.0125 0 0
1006 0.015 0 0
1007 0.0175 0 0
1008 0.02 0 0
1009 0.0225 0 0
1010 0.025 0 0
1011 0.0275 0 0
1012 0.03 0 0
1013 0.0325 0 0
1014 0.035 0 0
1015 0.0375 0 0
1016 0.04 0 0
1017 0.0425 0 0
1018 0.045 0 0
1019 0.0475 0 0
1020 0.05 0 0
1021 0.0525 0 0
1022 0.055 0 0
1023 0.0575 0 0
1024 0.06 0 0
1025 0.0625 0 0
1026 0.065 0 0
1027 0.0675 0 0
1028 0.07 0 0
1029 0.0725 0 0
1030 0.075 0 0
1031 0.0775 0 0
1032 0.08 0 0
1033 0.0825 0 0
1034 0.085 0 0
1035 0.0875 0 0
1036 0.09 0 0
1037 0.0925 0 0
1038 0.095 0 0
1039 0.0975 0 0
1040 0.1 0 0
1041 0 0.0025 0
1042 0.0025 0.0025 0
1043 0.005 0.0025 0
1044 0.0075 0.0025 0
1045 0.01 0.0025 0
1046 0.0125 0.0025 0
1047 0.015 0.0025 0
1048 0.0175 0.0025 0
1049 0.02 0.0025 0
1050 0.0225 0.0025 0
1051 0.025 0.0025 0
1052 0.0275 0.0025 0
1053 0.03 0.0025 0
1054 0.0325 0.0025 0
1055 0.035 0.0025 0
1056 0.0375 0.0025 0
1057 0.04 0.0025 0
1058 0.0425 0.0025 0
1059 0.045 0.0025 0
1060 0.0475 0.0025 0
1061 0.05 0.0025 0
1062 0.0525 0.0025 0
1063 0.055 0.0025 0
1064 0.0575 0.0025 0
1065 0.06 0.0025 0
1066 0.0625 0.0025 0
1067 0.065 0.0025 0
1068 0.0675 0.0025 0
1069 0.07 0.0025 0
1070 0.0725 0.0025 0
1071 0.075 0.0025 0
1072 0.0775 0.0025 0
1073 0.08 0.0025 0
1074 0.0825 0.0025 0
1075 0.085 0.0025 0
1076 0.0875 0.0025 0
1077 0.09 0.0025 0
1078 0.0925 0.0025 0
1079 0.095 0.0025 0
1080 0.0975 0.0025 0
1081 0.1 0.0025 0
1082 0 0.005 0
1083 0.0025 0.005 0
1084 0.005 0.005 0
1085 0.0075 0.005 0
1086 0.01 0.005 0
1087 0.0125 0.005 0
1088 0.015 0.005 0
1089 0.0175 0.005 0
1090 0.02 0.005 0
1091 0.0225 0.005 0
1092 0.025 0.005 0
1093 0.0275 0.005 0
1094 0.03 0.005 0
1095 0.0325 0.005 0
1096 0.035 0.005 0
1097 0.0375 0.005 0
1098 0.04 0.005 0
1099 0.0425 0.005 0
1100 0.045 0.005 0
1101 0.0475 0.005 0
1102 0.05 0.005 0
1103 0.0525 0.005 0
1104 0.055 0.005 0
1105 0.0575 0.005 0
1106 0.06 0.005 0
1107 0.0625 0.005 0
1108 0.065 0.005 0
1109 0.0675 0.005 0
1110 0.07 0.005 0
1111 0.0725 0.005 0
1112 0.075 0.005 0
1113 0.0775 0.005 0
1114 0.08 0.005 0
1115 0.0825 0.005 0
1116 0.085 0.005 0
1117 0.0875 0.005 0
1118 0.09 0.005 0
1119 0.0925 0.005 0
1120 0.095 0.005 0
1121 0.0975 0.005 0
1122 0.1 0.005 0
1123 0 0.0075 0
1124 0.0025 0.0075 0
1125 0.005 0.0075 0
1126 0.0075 0.0075 0
1127 0.01 0.0075 0
1128 0.0125 0.0075 0
1129 0.015 0.0075 0
1130 0.0175 0.0075 0
1131 0.02 0.0075 0
1132 0.0225 0.0075 0
1133 0.025 0.0075 0
1134 0.0275 0.0075 0
1135 0.03 0.0075 0
1136 0.0325 0.0075 0
1137 0.035 0.0075 0
1138 0.0375 0.0075 0
1139 0.04 0.0075 0
1140 0.0425 0.0075 0
1141 0.045 0.0075 0
1142 0.0475 0.0075 0
1143 0.05 0.0075 0
1144 0.0525 0.0075 0
1145 0.055 0.0075 0
1146 0.0575 0.0075 0
1147 0.06 0.0075 0
1148 0.0625 0.0075 0
1149 0.065 0.0075 0
1150 0.0675 0.0075 0
1151 0.07 0.0075 0
1152 0.0725 0.0075 0
1153 0.075 0.0075 0
1154 0.0775 0.0075 0
1155 0.08 0.0075 0
1156 0.0825 0.0075 0
1157 0.085 0.0075 0
1158 0.0875 0.0075 0
1159 0.09 0.0075 0
1160 0.0925 0.0075 0
1161 0.095 0.0075 0
1162 0.0975 0.0075 0
1163 0.1 0.0075 0
1164 0 0.01 0
1165 0.0025 0.01 0
1166 0.005 0.01 0
1167 0.0075 0.01 0
1168 0.01 0.01 0
1169 0.0125 0.01 0
1170 0.015 0.01 0
1171 0.0175 0.01 0
1172 0.02 0.01 0
1173 0.0225 0.01 0
1174 0.025 0.01 0
1175 0.0275 0.01 0
1176 0.03 0.01 0
1177 0.0325 0.01 0
1178 0.035 0.01 0
1179 0.0375 0.01 0
1180 0.04 0.01 0
1181 0.0425 0.01 0
1182 0.045 0.01 0
1183 0.0475 0.01 0
1184 0.05 0.01 0
1185 0.0525 0.01 0
1186 0.055 0.01 0
1187 0.0575 0.01 0
1188 0.06 0.01 0
1189 0.0625 0.01 0
1190 0.065 0.01 0
1191 0.0675 0.01 0
1192 0.07 0.01 0
1193 0.0725 0.01 0
1194 0.075 0.01 0
1195 0.0775 0.01 0
1196 0.08 0.01 0
1197 0.0825 0.01 0
1198 0.085 0.01 0
1199 0.0875 0.01 0
1200 0.09 0.01 0
1201 0.0925 0.01 0
1202 0.095 0.01 0
1203 0.0975 0.01 0
1204 0.1 0.01 0
1205 0 0.0125 0
1206 0.0025 0.0125 0
1207 0.005 0.0125 0
1208 0.0075 0.0125 0
1209 0.01 0.0125 0
1210 0.0125 0.0125 0
1211 0.015 0.0125 0
1212 0.0175 0.0125 0
1213 0.02 0.0125 0
1214 0.0225 0.0125 0
1215 0.025 0.0125 0
1216 0.0275 0.0125 0
1217 0.03 0.0125 0
1218 0.0325 0.0125 0
1219 0.035 0.0125 0
1220 0.0375 0.0125 0
1221 0.04 0.0125 0
1222 0.0425 0.0125 0
1223 0.045 0.0125 0
1224 0.0475 0.0125 0
1225 0.05 0.0125 0
1226 0.0525 0.0125 0
1227 0.055 0.0125 0
1228 0.0575 0.0125 0
1229 0.06 0.0125 0
1230 0.0625 0.0125 0
1231 0.065 0.0125 0
1232 0.0675 0.0125 0
1233 0.07 0.0125 0
1234 0.0725 0.0125 0
1235 0.075 0.0125 0
1236 0.0775 0.0125 0
1237 0.08 0.0125 0
1238 0.0825 0.0125 0
1239 0.085 0.0125 0
1240 0.0875 0.0125 0
1241 0.09 0.0125 0
1242 0.0925 0.0125 0
1243 0.095 0.0125 0
1244 0.0975 0.0125 0
1245 0.1 0.0125 0
1246 0 0.015 0
1247 0.0025 0.015 0
1248 0.005 0.015 0
1249 0.0075 0.015 0
1250 0.01 0.015 0
1251 0.0125 0.015 0
1252 0.015 0.015 0
1253 0.0175 0.015 0
1254 0.02 0.015 0
1255 0.0225 0.015 0
1256 0.025 0.015 0
1257 0.0275 0.015 0
1258 0.03 0.015 0
1259 0.0325 0.015 0
1260 0.035 0.015 0
1261 0.0375 0.015 0
1262 0.04 0.015 0
1263 0.0425 0.015 0
1264 0.045 0.015 0
1265 0.0475 0.015 0
1266 0.05 0.015 0
1267 0.0525 0.015 0
1268 0.055 0.015 0
1269 0.0575 0.015 0
1270 0.06 0.015 0
1271 0.0625 0.015 0
1272 0.065 0.015 0
1273 0.0675 0.015 0
1274 0.07 0.015 0
1275 0.0725 0.015 0
1276 0.075 0.015 0
1277 0.0775 0.015 0
1278 0.08 0.015 0
1279 0.0825 0.015 0
1280 0.085 0.015 0
1281 0.0875 0.015 0
1282 0.09 0.015 0
1283 0.0925 0.015 0
1284 0.095 0.015 0
1285 0.0975 0.015 0
1286 0.1 0.015 0
1287 0 0.0175 0
1288 0.0025 0.0175 0
1289 0.005 0.0175 0
1290 0.0075 0.0175 0
1291 0.01 0.0175 0
1292 0.0125 0.0175 0
1293 0.015 0.0175 0
1294 0.0175 0.0175 0
1295 0.02 0.0175 0
1296 0.0225 0.0175 0
1297 0.025 0.0175 0
1298 0.0275 0.0175 0
1299 0.03 0.0175 0
1300 0.0325 0.0175 0
1301 0.035 0.0175 0
1302 0.0375 0.0175 0
1303 0.04 0.0175 0
1304 0.0425 0.0175 0
1305 0.045 0.0175 0
1306 0.0475 0.0175 0
1307 0.05 0.0175 0
1308 0.0525 0.0175 0
1309 0.055 0.0175 0
1310 0.0575 0.0175 0
1311 0.06 0.0175 0
1312 0.0625 0.0175 0
1313 0.065 0.0175 0
1314 0.0675 0.0175 0
1315 0.07 0.0175 0
1316 0.0725 0.0175 0
1317 0.075 0.0175 0
1318 0.0775 0.0175 0
1319 0.08 0.0175 0
1320 0.0825 0.0175 0
1321 0.085 0.0175 0
1322 0.0875 0.0175 0
1323 0.09 0.0175 0
1324 0.0925 0.0175 0
1325 0.095 0.0175 0
1326 0.0975 0.0175 0
1327 0.1 0.0175 0
1328 0 0.02 0
1329 0.0025 0.02 0
1330 0.005 0.02 0
1331 0.0075 0.02 0
1332 0.01 0.02 0
1333 0.0125 0.02 0
1334 0.015 0.02 0
1335 0.0175 0.02 0
1336 0.02 0.02 0
1337 0.0225 0.02 0
1338 0.025 0.02 0
1339 0.0275 0.02 0
1340 0.03 0.02 0
1341 0.0325 0.02 0
1342 0.035 0.02 0
1343 0.0375 0.02 0
1344 0.04 0.02 0
1345 0.0425 0.02 0
1346 0.045 0.02 0
1347 0.0475 0.02 0
1348 0.05 0.02 0
1349 0.0525 0.02 0
1350 0.055 0.02 0
1351 0.0575 0.02 0
1352 0.06 0.02 0
1353 0.0625 0.02 0
1354 0.065 0.02 0
1355 0.0675 0.02 0
1356 0.07 0.02 0
1357 0.0725 0.02 0
1358 0.075 0.02 0
1359 0.0775 0.02 0
1360 0.08 0.02 0
1361 0.0825 0.02 0
1362 0.085 0.02 0
1363 0.0875 0.02 0
1364 0.09 0.02 0
1365 0.0925 0.02 0
1366 0.095 0.02 0
1367 0.0975 0.02 0
1368 0.1 0.02 0
1369 0 0.0225 0
1370 0.0025 0.0225 0
1371 0.005 0.0225 0
1372 0.0075 0.0225 0
1373 0.01 0.0225 0
1374 0.0125 0.0225 0
1375 0.015 0.0225 0
1376 0.0175 0.0225 0
1377 0.02 0.0225 0
1378 0.0225 0.0225 0
1379 0.025 0.0225 0
1380 0.0275 0.0225 0
1381 0.03 0.0225 0
1382 0.0325 0.0225 0
1383 0.035 0.0225 0
1384 0.0375 0.0225 0
1385 0.04 0.0225 0
1386 0.0425 0.0225 0
1387 0.045 0.0225 0
1388 0.0475 0.0225 0
1389 0.05 0.0225 0
1390 0.0525 0.0225 0
1391 0.055 0.0225 0
1392 0.0575 0.0225 0
1393 0.06 0.0225 0
1394 0.0625 0.0225 0
1395 0.065 0.0225 0
1396 0.0675 0.0225 0
1397 0.07 0.0225 0
1398 0.0725 0.0225 0
1399 0.075 0.0225 0
1400 0.0775 0.0225 0
1401 0.08 0.0225 0
1402 0.0825 0.0225 0
1403 0.085 0.0225 0
1404 0.0875 0.0225 0
1405 0.09 0.0225 0
1406 0.0925 0.0225 0
1407 0.095 0.0225 0
1408 0.0975 0.0225 0
1409 0.1 0.0225 0
1410 0 0.025 0
1411 0.0025 0.025 0
1412 0.005 0.025 0
1413 0.0075 0.025 0
1414 0.01 0.025 0
1415 0.0125 0.025 0
1416 0.015 0.025 0
1417 0.0175 0.025 0
1418 0.02 0.025 0
1419 0.0225 0.025 0
1420 0.025 0.025 0
1421 0.0275 0.025 0
1422 0.03 0.025 0
1423 0.0325 0.025 0
1424 0.035 0.025 0
1425 0.0375 0.025 0
1426 0.04 0.025 0
1427 0.0425 0.025 0
1428 0.045 0.025 0
1429 0.0475 0.025 0
1430 0.05 0.025 0
1431 0.0525 0.025 0
1432 0.055 0.025 0
1433 0.0575 0.025 0
1434 0.06 0.025 0
1435 0.0625 0.025 0
1436 0.065 0.025 0
1437 0.0675 0.025 0
1438 0.07 0.025 0
1439 0.0725 0.025 0
1440 0.075 0.025 0
1441 0.0775 0.025 0
1442 0.08 0.025 0
1443 0.0825 0.025 0
1444 0.085 0.025 0
1445 0.0875 0.025 0
1446 0.09 0.025 0
1447 0.0925 0.025 0
1448 0.095 0.025 0
1449 0.0975 0.025 0
1450 0.1 0.025 0
1451 0 0.0275 0
1452 0.0025 0.0275 0
1453 0.005 0.0275 0
1454 0.0075 0.0275 0
1455 0.01 0.0275 0
1456 0.0125 0.0275 0
1457 0.015 0.0275 0
1458 0.0175 0.0275 0
1459 0.02 0.0275 0
1460 0.0225 0.0275 0
1461 0.025 0.0275 0
1462 0.0275 0.0275 0
1463 0.03 0.0275 0
1464 0.0325 0.0275 0
1465 0.035 0.0275 0
1466 0.0375 0.0275 0
1467 0.04 0.0275 0
1468 0.0425 0.0275 0
1469 0.045 0.0275 0
1470 0.0475 0.0275 0
1471 0.05 0.0275 0
1472 0.0525 0.0275 0
1473 0.055 0.0275 0
1474 0.0575 0.0275 0
1475 0.06 0.0275 0
1476 0.0625 0.0275 0
1477 0.065 0.0275 0
1478 0.0675 0.0275 0
1479 0.07 0.0275 0
1480 0.0725 0.0275 0
1481 0.075 0.0275 0
1482 0.0775 0.0275 0
1483 0.08 0.0275 0
1484 0.0825 0.0275 0
1485 0.085 0.0275 0
1486 0.0875 0.0275 0
1487 0.09 0.0275 0
1488 0.0925 0.0275 0
1489 0.095 0.0275 0
1490 0.0975 0.0275 0
1491 0.1 0.0275 0
1492 0 0.03 0
1493 0.0025 0.03 0
1494 0.005 0.03 0
1495 0.0075 0.03 0
1496 0.01 0.03 0
1497 0.0125 0.03 0
1498 0.015 0.03 0
1499 0.0175 0.03 0
1500 0.02 0.03 0
1501 0.0225 0.03 0
1502 0.025 0.03 0
1503 0.0275 0.03 0
1504 0.03 0.03 0
1505 0.0325 0.03 0
1506 0.035 0.03 0
1507 0.0375 0.03 0
1508 0.04 0.03 0
1509 0.0425 0.03 0
1510 0.045 0.03 0
1511 0.0475 0.03 0
1512 0.05 0.03 0
1513 0.0525 0.03 0
1514 0.055 0.03 0
1515 0.0575 0.03 0
1516 0.06 0.03 0
1517 0.0625 0.03 0
1518 0.065 0.03 0
1519 0.0675 0.03 0
1520 0.07 0.03 0
1521 0.0725 0.03 0
1522 0.075 0.03 0
1523 0.0775 0.03 0
1524 0.08 0.03 0
1525 0.0825 0.03 0
1526 0.085 0.03 0
1527 0.0875 0.03 0
1528 0.09 0.03 0
1529 0.0925 0.03 0
1530 0.095 0.03 0
1531 0.0975 0.03 0
1532 0.1 0.03 0
1533 0 0.0325 0
1534 0.0025 0.0325 0
1535 0.005 0.0325 0
1536 0.0075 0.0325 0
1537 0.01 0.0325 0
1538 0.0125 0.0325 0
1539 0.015 0.0325 0
1540 0.0175 0.0325 0
1541 0.02 0.0325 0
1542 0.0225 0.0325 0
1543 0.025 0.0325 0
1544 0.0275 0.0325 0
1545 0.03 0.0325 0
1546 0.0325 0.0325 0
1547 0.035 0.0325 0
1548 0.0375 0.0325 0
1549 0.04 0.0325 0
1550 0.0425 0.0325 0
1551 0.045 0.0325 0
1552 0.0475 0.0325 0
1553 0.05 0.0325 0
1554 0.0525 0.0325 0
1555 0.055 0.0325 0
1556 0.0575 0.0325 0
1557 0.06 0.0325 0
1558 0.0625 0.0325 0
1559 0.065 0.0325 0
1560 0.0675 0.0325 0
1561 0.07 0.0325 0
1562 0.0725 0.0325 0
1563 0.075 0.0325 0
1564 0.0775 0.0325 0
1565 0.08 0.0325 0
1566 0.0825 0.0325 0
1567 0.085 0.0325 0
1568 0.0875 0.0325 0
1569 0.09 0.0325 0
1570 0.0925 0.0325 0
1571 0.095 0.0325 0
1572 0.0975 0.0325 0
1573 0.1 0.0325 0
1574 0 0.035 0
1575 0.0025 0.035 0
1576 0.005 0.035 0
1577 0.0075 0.035 0
1578 0.01 0.035 0
1579 0.0125 0.035 0
1580 0.015 0.035 0
1581 0.0175 0.035 0
1582 0.02 0.035 0
1583 0.0225 0.035 0
1584 0.025 0.035 0
1585 0.0275 0.035 0
1586 0.03 0.035 0
1587 0.0325 0.035 0
1588 0.035 0.035 0
1589 0.0375 0.035 0
1590 0.04 0.035 0
1591 0.0425 0.035 0
1592 0.045 0.035 0
1593 0.0475 0.035 0
1594 0.05 0.035 0
1595 0.0525 0.035 0
1596 0.055 0.035 0
1597 0.0575 0.035 0
1598 0.06 0.035 0
1599 0.0625 0.035 0
1600 0.065 0.035 0
1601 0.0675 0.035 0
1602 0.07 0.035 0
1603 0.0725 0.035 0
1604 0.075 0.035 0
1605 0.0775 0.035 0
1606 0.08 0.035 0
1607 0.0825 0.035 0
1608 0.085 0.035 0
1609 0.0875 0.035 0
1610 0.09 0.035 0
1611 0.0925 0.035 0
1612 0.095 0.035 0
1613 0.0975 0.035 0
1614 0.1 0.035 0
1615 0 0.0375 0
1616 0.0025 0.0375 0
1617 0.005 0.0375 0
1618 0.0075 0.0375 0
1619 0.01 0.0375 0
1620 0.0125 0.0375 0
1621 0.015 0.0375 0
1622 0.0175 0.0375 0
1623 0.02 0.0375 0
1624 0.0225 0.0375 0
1625 0.025 0.0375 0
1626 0.0275 0.0375 0
1627 0.03 0.0375 0
1628 0.0325 0.0375 0
1629 0.035 0.0375 0
1630 0.0375 0.0375 0
1631 0.04 0.0375 0
1632 0.0425 0.0375 0
1633 0.045 0.0375 0
1634 0.0475 0.0375 0
1635 0.05 0.0375 0
1636 0.0525 0.0375 0
1637 0.055 0.0375 0
1638 0.0575 0.0375 0
1639 0.06 0.0375 0
1640 0.0625 0.0375 0
1641 0.065 0.0375 0
1642 0.0675 0.0375 0
1643 0.07 0.0375 0
1644 0.0725 0.0375 0
1645 0.075 0.0375 0
1646 0.0775 0.0375 0
1647 0.08 0.0375 0
1648 0.0825 0.0375 0
1649 0.085 0.0375 0
1650 0.0875 0.0375 0
1651 0.09 0.0375 0
1652 0.0925 0.0375 0
1653 0.095 0.0375 0
1654 0.0975 0.0375 0
1655 0.1 0.0375 0
1656 0 0.04 0
1657 0.0025 0.04 0
1658 0.005 0.04 0
1659 0.0075 0.04 0
1660 0.01 0.04 0
1661 0.0125 0.04 0
1662 0.015 0.04 0
1663 0.0175 0.04 0
1664 0.02 0.04 0
1665 0.0225 0.04 0
1666 0.025 0.04 0
1667 0.0275 0.04 0
1668 0.03 0.04 0
1669 0.0325 0.04 0
1670 0.035 0.04 0
1671 0.0375 0.04 0
1672 0.04 0.04 0
1673 0.0425 0.04 0
1674 0.045 0.04 0
1675 0.0475 0.04 0
1676 0.05 0.04 0
1677 0.0525 0.04 0
1678 0.055 0.04 0
1679 0.0575 0.04 0
1680 0.06 0.04 0
1681 0.0625 0.04 0
1682 0.065 0.04 0
1683 0.0675 0.04 0
1684 0.07 0.04 0
1685 0.0725 0.04 0
1686 0.075 0.04 0
1687 0.0775 0.04 0
1688 0.08 0.04 0
1689 0.0825 0.04 0
1690 0.085 0.04 0
1691 0.0875 0.04 0
1692 0.09 0.04 0
1693 0.0925 0.04 0
1694 0.095 0.04 0
1695 0.0975 0.04 0
1696 0.1 0.04 0
1697 0 0.0425 0
1698 0.0025 0.0425 0
1699 0.005 0.0425 0
1700 0.0075 0.0425 0
1701 0.01 0.0425 0
1702 0.0125 0.0425 0
1703 0.015 0.0425 0
1704 0.0175 0.0425 0
1705 0.02 0.0425 0
1706 0.0225 0.0425 0
1707 0.025 0.0425 0
1708 0.0275 0.0425 0
1709 0.03 0.0425 0
1710 0.0325 0.0425 0
1711 0.035 0.0425 0
1712 0.0375 0.0425 0
1713 0.04 0.0425 0
1714 0.0425 0.0425 0
1715 0.045 0.0425 0
1716 0.0475 0.0425 0
1717 0.05 0.0425 0
1718 0.0525 0.0425 0
1719 0.055 0.0425 0
1720 0.0575 0.0425 0
1721 0.06 0.0425 0
1722 0.0625 0.0425 0
1723 0.065 0.0425 0
1724 0.0675 0.0425 0
1725 0.07 0.0425 0
1726 0.0725 0.0425 0
1727 0.075 0.0425 0
1728 0.0775 0.0425 0
1729 0.08 0.0425 0
1730 0.0825 0.0425 0
1731 0.085 0.0425 0
1732 0.0875 0.0425 0
1733 0.09 0.0425 0
1734 0.0925 0.0425 0
1735 0.095 0.0425 0
1736 0.0975 0.0425 0
1737 0.1 0.0425 0
1738 0 0.045 0
1739 0.0025 0.045 0
1740 0.005 0.045 0
1741 0.0075 0.045 0
1742 0.01 0.045 0
1743 0.0125 0.045 0
1744 0.015 0.045 0
1745 0.0175 0.045 0
1746 0.02 0.045 0
1747 0.0225 0.045 0
1748 0.025 0.045 0
1749 0.0275 0.045 0
1750 0.03 0.045 0
1751 0.0325 0.045 0
1752 0.035 0.045 0
1753 0.0375 0.045 0
1754 0.04 0.045 0
1755 0.0425 0.045 0
1756 0.045 0.045 0
1757 0.0475 0.045 0
1758 0.05 0.045 0
1759 0.0525 0.045 0
1760 0.055 0.045 0
1761 0.0575 0.045 0
1762 0.06 0.045 0
1763 0.0625 0.045 0
1764 0.065 0.045 0
1765 0.0675 0.045 0
1766 0.07 0.045 0
1767 0.0725 0.045 0
1768 0.075 0.045 0
1769 0.0775 0.045 0
1770 0.08 0.045 0
1771 0.0825 0.045 0
1772 0.085 0.045 0
1773 0.0875 0.045 0
1774 0.09 0.045 0
1775 0.0925 0.045 0
1776 0.095 0.045 0
1777 0.0975 0.045 0
1778 0.1 0.045 0
1779 0 0.0475 0
1780 0.0025 0.0475 0
1781 0.005 0.0475 0
1782 0.0075 0.0475 0
1783 0.01 0.0475 0
1784 0.0125 0.0475 0
1785 0.015 0.0475 0
1786 0.0175 0.0475 0
1787 0.02 0.0475 0
1788 0.0225 0.0475 0
1789 0.025 0.0475 0
1790 0.0275 0.0475 0
1791 0.03 0.0475 0
1792 0.0325 0.0475 0
1793 0.035 0.0475 0
1794 0.0375 0.0475 0
1795 0.04 0.0475 0
1796 0.0425 0.0475 0
1797 0.045 0.0475 0
1798 0.0475 0.0475 0
1799 0.05 0.0475 0
1800 0.0525 0.0475 0
1801 0.055 0.0475 0
1802 0.0575 0.0475 0
1803 0.06 0.0475 0
1804 0.0625 0.0475 0
1805 0.065 0.0475 0
1806 0.0675 0.0475 0
1807 0.07 0.0475 0
1808 0.0725 0.0475 0
1809 0.075 0.0475 0
1810 0.0775 0.0475 0
1811 0.08 0.0475 0
1812 0.0825 0.0475 0
1813 0.085 0.0475 0
1814 0.0875 0.0475 0
1815 0.09 0.0475 0
1816 0.0925 0.0475 0
1817 0.095 0.0475 0
1818 0.0975 0.0475 0
1819 0.1 0.0475 0
1820 0 0.05 0
1821 0.0025 0.05 0
1822 0.005 0.05 0
1823 0.0075 0.05 0
1824 0.01 0.05 0
1825 0.0125 0.05 0
1826 0.015 0.05 0
1827 0.0175 0.05 0
1828 0.02 0.05 0
1829 0.0225 0.05 0
1830 0.025 0.05 0
1831 0.0275 0.05 0
1832 0.03 0.05 0
1833 0.0325 0.05 0
1834 0.035 0.05 0
1835 0.0375 0.05 0
1836 0.04 0.05 0
1837 0.0425 0.05 0
1838 0.045 0.05 0
1839 0.0475 0.05 0
1840 0.05 0.05 0
1841 0.0525 0.05 0
1842 0.055 0.05 0
1843 0.0575 0.05 0
1844 0.06 0.05 0
1845 0.0625 0.05 0
1846 0.065 0.05 0
1847 0.0675 0.05 0
1848 0.07 0.05 0
1849 0.0725 0.05 0
1850 0.075 0.05 0
1851 0.0775 0.05 0
1852 0.08 0.05 0
1853 0.0825 0.05 0
1854 0.085 0.05 0
1855 0.0875 0.05 0
1856 0.09 0.05 0
1857 0.0925 0.05 0
1858 0.095 0.05 0
1859 0.0975 0.05 0
1860 0.1 0.05 0
1861 0 0.0525 0
1862 0.0025 0.0525 0
1863 0.005 0.0525 0
1864 0.0075 0.0525 0
1865 0.01 0.0525 0
1866 0.0125 0.0525 0
1867 0.015 0.0525 0
1868 0.0175 0.0525 0
1869 0.02 0.0525 0
1870 0.0225 0.0525 0
1871 0.025 0.0525 0
1872 0.0275 0.0525 0
1873 0.03 0.0525 0
1874 0.0325 0.0525 0
1875 0.035 0.0525 0
1876 0.0375 0.0525 0
1877 0.04 0.0525 0
1878 0.0425 0.0525 0
1879 0.045 0.0525 0
1880 0.0475 0.0525 0
1881 0.05 0.0525 0
1882 0.0525 0.0525 0
1883 0.055 0.0525 0
1884 0.0575 0.0525 0
1885 0.06 0.0525 0
1886 0.0625 0.0525 0
1887 0.065 0.0525 0
1888 0.0675 0.0525 0
1889 0.07 0.0525 0
1890 0.0725 0.0525 0
1891 0.075 0.0525 0
1892 0.0775 0.0525 0
1893 0.08 0.0525 0
1894 0.0825 0.0525 0
1895 0.085 0.0525 0
1896 0.0875 0.0525 0
1897 0.09 0.0525 0
1898 0.0925 0.0525 0
1899 0.095 0.0525 0
1900 0.0975 0.0525 0
1901 0.1 0.0525 0
1902 0 0.055 0
1903 0.0025 0.055 0
1904 0.005 0.055 0
1905 0.0075 0.055 0
1906 0.01 0.055 0
1907 0.0125 0.055 0
1908 0.015 0.055 0
1909 0.0175 0.055 0
1910 0.02 0.055 0
1911 0.0225 0.055 0
1912 0.025 0.055 0
1913 0.0275 0.055 0
1914 0.03 0.055 0
1915 0.0325 0.055 0
1916 0.035 0.055 0
1917 0.0375 0.055 0
1918 0.04 0.055 0
1919 0.0425 0.055 0
1920 0.045 0.055 0
1921 0.0475 0.055 0
1922 0.05 0.055 0
1923 0.0525 0.055 0
1924 0.055 0.055 0
1925 0.0575 0.055 0
1926 0.06 0.055 0
1927 0.0625 0.055 0
1928 0.065 0.055 0
1929 0.0675 0.055 0
1930 0.07 0.055 0
1931 0.0725 0.055 0
1932 0.075 0.055 0
1933 0.0775 0.055 0
1934 0.08 0.055 0
1935 0.0825 0.055 0
1936 0.085 0.055 0
1937 0.0875 0.055 0
1938 0.09 0.055 0
1939 0.0925 0.055 0
1940 0.095 0.055 0
1941 0.0975 0.055 0
1942 0.1 0.055 0
1943 0 0.0575 0
1944 0.0025 0.0575 0
1945 0.005 0.0575 0
1946 0.0075 0.0575 0
1947 0.01 0.0575 0
1948 0.0125 0.0575 0
1949 0.015 0.0575 0
1950 0.0175 0.0575 0
1951 0.02 0.0575 0
1952 0.0225 0.0575 0
1953 0.025 0.0575 0
1954 0.0275 0.0575 0
1955 0.03 0.0575 0
1956 0.0325 0.0575 0
1957 0.035 0.0575 0
1958 0.0375 0.0575 0
1959 0.04 0.0575 0
1960 0.0425 0.0575 0
1961 0.045 0.0575 0
1962 0.0475 0.0575 0
1963 0.05 0.0575 0
1964 0.0525 0.0575 0
1965 0.055 0.0575 0
1966 0.0575 0.0575 0
1967 0.06 0.0575 0
1968 0.0625 0.0575 0
1969 0.065 0.0575 0
1970 0.0675 0.0575 0
1971 0.07 0.0575 0
1972 0.0725 0.0575 0
1973 0.075 0.0575 0
1974 0.0775 0.0575 0
1975 0.08 0.0575 0
1976 0.0825 0.0575 0
1977 0.085 0.0575 0
1978 0.0875 0.0575 0
1979 0.09 0.0575 0
1980 0.0925 0.0575 0
1981 0.095 0.0575 0
1982 0.0975 0.0575 0
1983 0.1 0.0575 0
1984 0 0.06 0
1985 0.0025 0.06 0
1986 0.005 0.06 0
1987 0.0075 0.06 0
1988 0.01 0.06 0
1989 0.0125 0.06 0
1990 0.015 0.06 0
1991 0.0175 0.06 0
1992 0.02 0.06 0
1993 0.0225 0.06 0
1994 0.025 0.06 0
1995 0.0275 0.06 0
1996 0.03 0.06 0
1997 0.0325 0.06 0
1998 0.035 0.06 0
1999 0.0375 0.06 0
2000 0.04 0.06 0
2001 0.0425 0.06 0
2002 0.045 0.06 0
2003 0.0475 0.06 0
2004 0.05 0.06 0
2005 0.0525 0.06 0
2006 0.055 0.06 0
2007 0.0575 0.06 0
2008 0.06 0.06 0
2009 0.0625 0.06 0
2010 0.065 0.06 0
2011 0.0675 0.06 0
2012 0.07 0.06 0
2013 0.0725 0.06 0
2014 0.075 0.06 0
2015 0.0775 0.06 0
2016 0.08 0.06 0
2017 0.0825 0.06 0
2018 0.085 0.06 0
2019 0.0875 0.06 0
2020 0.09 0.06 0
2021 0.0925 0.06 0
2022 0.095 0.06 0
2023 0.0975 0.06 0
2024 0.1 0.06 0
2025 0 0.0625 0
2026 0.0025 0.0625 0
2027 0.005 0.0625 0
2028 0.0075 0.0625 0
2029 0.01 0.0625 0
2030 0.0125 0.0625 0
2031 0.015 0.0625 0
2032 0.0175 0.0625 0
2033 0.02 0.0625 0
2034 0.0225 0.0625 0
2035 0.025 0.0625 0
2036 0.0275 0.0625 0
2037 0.03 0.0625 0
2038 0.0325 0.0625 0
2039 0.035 0.0625 0
2040 0.0375 0.0625 0
2041 0.04 0.0625 0
2042 0.0425 0.0625 0
2043 0.045 0.0625 0
2044 0.0475 0.0625 0
2045 0.05 0.0625 0
2046 0.0525 0.0625 0
2047 0.055 0.0625 0
2048 0.0575 0.0625 0
2049 0.06 0.0625 0
2050 0.0625 0.0625 0
2051 0.065 0.0625 0
2052 0.0675 0.0625 0
2053 0.07 0.0625 0
2054 0.0725 0.0625 0
2055 0.075 0.0625 0
2056 0.0775 0.0625 0
2057 0.08 0.0625 0
2058 0.0825 0.0625 0
2059 0.085 0.0625 0
2060 0.0875 0.0625 0
2061 0.09 0.0625 0
2062 0.0925 0.0625 0
2063 0.095 0.0625 0
2064 0.0975 0.0625 0
2065 0.1 0.0625 0
2066 0 0.065 0
2067 0.0025 0.065 0
2068 0.005 0.065 0
2069 0.0075 0.065 0
2070 0.01 0.065 0
2071 0.0125 0.065 0
2072 0.015 0.065 0
2073 0.0175 0.065 0
2074 0.02 0.065 0
2075 0.0225 0.065 0
2076 0.025 0.065 0
2077 0.0275 0.065 0
2078 0.03 0.065 0
2079 0.0325 0.065 0
2080 0.035 0.065 0
2081 0.0375 0.065 0
2082 0.04 0.065 0
2083 0.0425 0.065 0
2084 0.045 0.065 0
2085 0.0475 0.065 0
2086 0.05 0.065 0
2087 0.0525 0.065 0
2088 0.055 0.065 0
2089 0.0575 0.065 0
2090 0.06 0.065 0
2091 0.0625 0.065 0
2092 0.065 0.065 0
2093 0.0675 0.065 0
2094 0.07 0.065 0
2095 0.0725 0.065 0
2096 0.075 0.065 0
2097 0.0775 0.065 0
2098 0.08 0.065 0
2099 0.0825 0.065 0
2100 0.085 0.065 0
2101 0.0875 0.065 0
2102 0.09 0.065 0
2103 0.0925 0.065 0
2104 0.095 0.065 0
2105 0.0975 0.065 0
2106 0.1 0.065 0
2107 0 0.0675 0
2108 0.0025 0.0675 0
2109 0.005 0.0675 0
2110 0.0075 0.0675 0
2111 0.01 0.0675 0
2112 0.0125 0.0675 0
2113 0.015 0.0675 0
2114 0.0175 0.0675 0
2115 0.02 0.0675 0
2116 0.0225 0.0675 0
2117 0.025 0.0675 0
2118 0.0275 0.0675 0
2119 0.03 0.0675 0
2120 0.0325 0.0675 0
2121 0.035 0.0675 0
2122 0.0375 0.0675 0
2123 0.04 0.0675 0
2124 0.0425 0.0675 0
2125 0.045 0.0675 0
2126 0.0475 0.0675 0
2127 0.05 0.0675 0
2128 0.0525 0.0675 0
2129 0.055 0.0675 0
2130 0.0575 0.0675 0
2131 0.06 0.0675 0
2132 0.0625 0.0675 0
2133 0.065 0.0675 0
2134 0.0675 0.0675 0
2135 0.07 0.0675 0
2136 0.0725 0.0675 0
2137 0.075 0.0675 0
2138 0.0775 0.0675 0
2139 0.08 0.0675 0
2140 0.0825 0.0675 0
2141 0.085 0.0675 0
2142 0.0875 0.0675 0
2143 0.09 0.0675 0
2144 0.0925 0.0675 0
2145 0.095 0.0675 0
2146 0.0975 0.0675 0
2147 0.1 0.0675 0
2148 0 0.07 0
2149 0.0025 0.07 0
2150 0.005 0.07 0
2151 0.0075 0.07 0
2152 0.01 0.07 0
2153 0.0125 0.07 0
2154 0.015 0.07 0
2155 0.0175 0.07 0
2156 0.02 0.07 0
2157 0.0225 0.07 0
2158 0.025 0.07 0
2159 0.0275 0.07 0
2160 0.03 0.07 0
2161 0.0325 0.07 0
2162 0.035 0.07 0
2163 0.0375 0.07 0
2164 0.04 0.07 0
2165 0.0425 0.07 0
2166 0.045 0.07 0
2167 0.0475 0.07 0
2168 0.05 0.07 0
2169 0.0525 0.07 0
2170 0.055 0.07 0
2171 0.0575 0.07 0
2172 0.06 0.07 0
2173 0.0625 0.07 0
2174 0.065 0.07 0
2175 0.0675 0.07 0
2176 0.07 0.07 0
2177 0.0725 0.07 0
2178 0.075 0.07 0
2179 0.0775 0.07 0
2180 0.08 0.07 0
2181 0.0825 0.07 0
2182 0.085 0.07 0
2183 0.0875 0.07 0
2184 0.09 0.07 0
2185 0.0925 0.07 0
2186 0.095 0.07 0
2187 0.0975 0.07 0
2188 0.1 0.07 0
2189 0 0.0725 0
2190 0.0025 0.0725 0
2191 0.005 0.0725 0
2192 0.0075 0.0725 0
2193 0.01 0.0725 0
2194 0.0125 0.0725 0
2195 0.015 0.0725 0
2196 0.0175 0.0725 0
2197 0.02 0.0725 0
2198 0.0225 0.0725 0
2199 0.025 0.0725 0
2200 0.0275 0.0725 0
2201 0.03 0.0725 0
2202 0.0325 0.0725 0
2203 0.035 0.0725 0
2204 0.0375 0.0725 0
2205 0.04 0.0725 0
2206 0.0425 0.0725 0
2207 0.045 0.0725 0
2208 0.0475 0.0725 0
2209 0.05 0.0725 0
2210 0.0525 0.0725 0
2211 0.055 0.0725 0
2212 0.0575 0.0725 0
2213 0.06 0.0725 0
2214 0.0625 0.0725 0
2215 0.065 0.0725 0
2216 0.0675 0.0725 0
2217 0.07 0.0725 0
2218 0.0725 0.0725 0
2219 0.075 0.0725 0
2220 0.0775 0.0725 0
2221 0.08 0.0725 0
2222 0.0825 0.0725 0
2223 0.085 0.0725 0
2224 0.0875 0.0725 0
2225 0.09 0.0725 0
2226 0.0925 0.0725 0
2227 0.095 0.0725 0
2228 0.0975 0.0725 0
2229 0.1 0.0725 0
2230 0 0.075 0
2231 0.0025 0.075 0
2232 0.005 0.075 0
2233 0.0075 0.075 0
2234 0.01 0.075 0
2235 0.0125 0.075 0
2236 0.015 0.075 0
2237 0.0175 0.075 0
2238 0.02 0.075 0
2239 0.0225 0.075 0
2240 0.025 0.075 0
2241 0.0275 0.075 0
2242 0.03 0.075 0
2243 0.0325 0.075 0
2244 0.035 0.075 0
2245 0.0375 0.075 0
2246 0.04 0.075 0
2247 0.0425 0.075 0
2248 0.045 0.075 0
2249 0.0475 0.075 0
2250 0.05 0.075 0
2251 0.0525 0.075 0
2252 0.055 0.075 0
2253 0.0575 0.075 0
2254 0.06 0.075 0
2255 0.0625 0.075 0
2256 0.065 0.075 0
2257 0.0675 0.075 0
2258 0.07 0.075 0
2259 0.0725 0.075 0
2260 0.075 0.075 0
2261 0.0775 0.075 0
2262 0.08 0.075 0
2263 0.0825 0.075 0
2264 0.085 0.075 0
2265 0.0875 0.075 0
2266 0.09 0.075 0
2267 0.0925 0.075 0
2268 0.095 0.075 0
2269 0.0975 0.075 0
2270 0.1 0.075 0
2271 0 0.0775 0
2272 0.0025 0.0775 0
2273 0.005 0.0775 0
2274 0.0075 0.0775 0
2275 0.01 0.0775 0
2276 0.0125 0.0775 0
2277 0.015 0.0775 0
2278 0.0175 0.0775 0
2279 0.02 0.0775 0
2280 0.0225 0.0775 0
2281 0.025 0.0775 0
2282 0.0275 0.0775 0
2283 0.03 0.0775 0
2284 0.0325 0.0775 0
2285 0.035 0.0775 0
2286 0.0375 0.0775 0
2287 0.04 0.0775 0
2288 0.0425 0.0775 0
2289 0.045 0.0775 0
2290 0.0475 0.0775 0
2291 0.05 0.0775 0
2292 0.0525 0.0775 0
2293 0.055 0.0775 0
2294 0.0575 0.0775 0
2295 0.06 0.0775 0
2296 0.0625 0.0775 0
2297 0.065 0.0775 0
2298 0.0675 0.0775 0
2299 0.07 0.0775 0
2300 0.0725 0.0775 0
2301 0.075 0.0775 0
2302 0.0775 0.0775 0
2303 0.08 0.0775 0
2304 0.0825 0.0775 0
2305 0.085 0.0775 0
2306 0.0875 0.0775 0
2307 0.09 0.0775 0
2308 0.0925 0.0775 0
2309 0.095 0.0775 0
2310 0.0975 0.0775 0
2311 0.1 0.0775 0
2312 0 0.08 0
2313 0.0025 0.08 0
2314 0.005 0.08 0
2315 0.0075 0.08 0
2316 0.01 0.08 0
2317 0.0125 0.08 0
2318 0.015 0.08 0
2319 0.0175 0.08 0
2320 0.02 0.08 0
2321 0.0225 0.08 0
2322 0.025 0.08 0
2323 0.0275 0.08 0
2324 0.03 0.08 0
2325 0.0325 0.08 0
2326 0.035 0.08 0
2327 0.0375 0.08 0
2328 0.04 0.08 0
2329 0.0425 0.08 0
2330 0.045 0.08 0
2331 0.0475 0.08 0
2332 0.05 0.08 0
2333 0.0525 0.08 0
2334 0.055 0.08 0
2335 0.0575 0.08 0
2336 0.06 0.08 0
2337 0.0625 0.08 0
2338 0.065 0.08 0
2339 0.0675 0.08 0
2340 0.07 0.08 0
2341 0.0725 0.08 0
2342 0.075 0.08 0
2343 0.0775 0.08 0
2344 0.08 0.08 0
2345 0.0825 0.08 0
2346 0.085 0.08 0
2347 0.0875 0.08 0
2348 0.09 0.08 0
2349 0.0925 0.08 0
2350 0.095 0.08 0
2351 0.0975 0.08 0
2352 0.1 0.08 0
2353 0 0.0825 0
2354 0.0025 0.0825 0
2355 0.005 0.0825 0
2356 0.0075 0.0825 0
2357 0.01 0.0825 0
2358 0.0125 0.0825 0
2359 0.015 0.0825 0
2360 0.0175 0.0825 0
2361 0.02 0.0825 0
2362 0.0225 0.0825 0
2363 0.025 0.0825 0
2364 0.0275 0.0825 0
2365 0.03 0.0825 0
2366 0.0325 0.0825 0
2367 0.035 0.0825 0
2368 0.0375 0.0825 0
2369 0.04 0.0825 0
2370 0.0425 0.0825 0
2371 0.045 0.0825 0
2372 0.0475 0.0825 0
2373 0.05 0.0825 0
2374 0.0525 0.0825 0
2375 0.055 0.0825 0
2376 0.0575 0.0825 0
2377 0.06 0.0825 0
2378 0.0625 0.0825 0
2379 0.065 0.0825 0
2380 0.0675 0.0825 0
2381 0.07 0.0825 0
2382 0.0725 0.0825 0
2383 0.075 0.0825 0
2384 0.0775 0.0825 0
2385 0.08 0.0825 0
2386 0.0825 0.0825 0
2387 0.085 0.0825 0
2388 0.0875 0.0825 0
2389 0.09 0.0825 0
2390 0.0925 0.0825 0
2391 0.095 0.0825 0
2392 0.0975 0.0825 0
2393 0.1 0.0825 0
2394 0 0.085 0
2395 0.0025 0.085 0
2396 0.005 0.085 0
2397 0.0075 0.085 0
2398 0.01 0.085 0
2399 0.0125 0.085 0
2400 0.015 0.085 0
2401 0.0175 0.085 0
2402 0.02 0.085 0
2403 0.0225 0.085 0
2404 0.025 0.085 0
2405 0.0275 0.085 0
2406 0.03 0.085 0
2407 0.0325 0.085 0
2408 0.035 0.085 0
2409 0.0375 0.085 0
2410 0.04 0.085 0
2411 0.0425 0.085 0
2412 0.045 0.085 0
2413 0.0475 0.085 0
2414 0.05 0.085 0
2415 0.0525 0.085 0
2416 0.055 0.085 0
2417 0.0575 0.085 0
2418 0.06 0.085 0
2419 0.0625 0.085 0
2420 0.065 0.085 0
2421 0.0675 0.085 0
2422 0.07 0.085 0
2423 0.0725 0.085 0
2424 0.075 0.085 0
2425 0.0775 0.085 0
2426 0.08 0.085 0
2427 0.0825 0.085 0
2428 0.085 0.085 0
2429 0.0875 0.085 0
2430 0.09 0.085 0
2431 0.0925 0.085 0
2432 0.095 0.085 0
2433 0.0975 0.085 0
2434 0.1 0.085 0
2435 0 0.0875 0
2436 0.0025 0.0875 0
2437 0.005 0.0875 0
2438 0.0075 0.0875 0
2439 0.01 0.0875 0
2440 0.0125 0.0875 0
2441 0.015 0.0875 0
2442 0.0175 0.0875 0
2443 0.02 0.0875 0
2444 0.0225 0.0875 0
2445 0.025 0.0875 0
2446 0.0275 0.0875 0
2447 0.03 0.0875 0
2448 0.0325 0.0875 0
2449 0.035 0.0875 0
2450 0.0375 0.0875 0
2451 0.04 0.0875 0
2452 0.0425 0.0875 0
2453 0.045 0.0875 0
2454 0.0475 0.0875 0
2455 0.05 0.0875 0
2456 0.0525 0.0875 0
2457 0.055 0.0875 0
2458 0.0575 0.0875 0
2459 0.06 0.0875 0
2460 0.0625 0.0875 0
2461 0.065 0.0875 0
2462 0.0675 0.0875 0
2463 0.07 0.0875 0
2464 0.0725 0.0875 0
2465 0.075 0.0875 0
2466 0.0775 0.0875 0
2467 0.08 0.0875 0
2468 0.0825 0.0875 0
2469 0.085 0.0875 0
2470 0.0875 0.0875 0
2471 0.09 0.0875 0
2472 0.0925 0.0875 0
2473 0.095 0.0875 0
2474 0.0975 0.0875 0
2475 0.1 0.0875 0
2476 0 0.09 0
2477 0.0025 0.09 0
2478 0.005 0.09 0
2479 0.0075 0.09 0
2480 0.01 0.09 0
2481 0.0125 0.09 0
2482 0.015 0.09 0
2483 0.0175 0.09 0
2484 0.02 0.09 0
2485 0.0225 0.09 0
2486 0.025 0.09 0
2487 0.0275 0.09 0
2488 0.03 0.09 0
2489 0.0325 0.09 0
2490 0.035 0.09 0
2491 0.0375 0.09 0
2492 0.04 0.09 0
2493 0.0425 0.09 0
2494 0.045 0.09 0
2495 0.0475 0.09 0
2496 0.05 0.09 0
2497 0.0525 0.09 0
2498 0.055 0.09 0
2499 0.0575 0.09 0
2500 0.06 0.09 0
2501 0.0625 0.09 0
2502 0.065 0.09 0
2503 0.0675 0.09 0
2504 0.07 0.09 0
2505 0.0725 0.09 0
2506 0.075 0.09 0
2507 0.0775 0.09 0
2508 0.08 0.09 0
2509 0.0825 0.09 0
2510 0.085 0.09 0
2511 0.0875 0.09 0
2512 0.09 0.09 0
2513 0.0925 0.09 0
2514 0.095 0.09 0
2515 0.0975 0.09 0
2516 0.1 0.09 0
2517 0 0.0925 0
2518 0.0025 0.0925 0
2519 0.005 0.0925 0
2520 0.0075 0.0925 0
2521 0.01 0.0925 0
2522 0.0125 0.0925 0
2523 0.015 0.0925 0
2524 0.0175 0.0925 0
2525 0.02 0.0925 0
2526 0.0225 0.0925 0
2527 0.025 0.0925 0
2528 0.0275 0.0925 0
2529 0.03 0.0925 0
2530 0.0325 0.0925 0
2531 0.035 0.0925 0
2532 0.0375 0.0925 0
2533 0.04 0.0925 0
2534 0.0425 0.0925 0
2535 0.045 0.0925 0
2536 0.0475 0.0925 0
2537 0.05 0.0925 0
2538 0.0525 0.0925 0
2539 0.055 0.0925 0
2540 0.0575 0.0925 0
2541 0.06 0.0925 0
2542 0.0625 0.0925 0
2543 0.065 0.0925 0
2544 0.0675 0.0925 0
2545 0.07 0.0925 0
2546 0.0725 0.0925 0
2547 0.075 0.0925 0
2548 0.0775 0.0925 0
2549 0.08 0.0925 0
2550 0.0825 0.0925 0
2551 0.085 0.0925 0
2552 0.0875 0.0925 0
2553 0.09 0.0925 0
2554 0.0925 0.0925 0
2555 0.095 0.0925 0
2556 0.0975 0.0925 0
2557 0.1 0.0925 0
2558 0 0.095 0
2559 0.0025 0.095 0
2560 0.005 0.095 0
2561 0.0075 0.095 0
2562 0.01 0.095 0
2563 0.0125 0.095 0
2564 0.015 0.095 0
2565 0.0175 0.095 0
2566 0.02 0.095 0
2567 0.0225 0.095 0
2568 0.025 0.095 0
2569 0.0275 0.095 0
2570 0.03 0.095 0
2571 0.0325 0.095 0
2572 0.035 0.095 0
2573 0.0375 0.095 0
2574 0.04 0.095 0
2575 0.0425 0.095 0
2576 0.045 0.095 0
2577 0.0475 0.095 0
2578 0.05 0.095 0
2579 0.0525 0.095 0
2580 0.055 0.095 0
2581 0.0575 0.095 0
2582 0.06 0.095 0
2583 0.0625 0.095 0
2584 0.065 0.095 0
2585 0.0675 0.095 0
2586 0.07 0.095 0
2587 0.0725 0.095 0
2588 0.075 0.095 0
2589 0.0775 0.095 0
2590 0.08 0.095 0
2591 0.0825 0.095 0
2592 0.085 0.095 0
2593 0.0875 0.095 0
2594 0.09 0.095 0
2595 0.0925 0.095 0
2596 0.095 0.095 0
2597 0.0975 0.095 0
2598 0.1 0.095 0
2599 0 0.0975 0
2600 0.0025 0.0975 0
2601 0.005 0.0975 0
2602 0.0075 0.0975 0
2603 0.01 0.0975 0
2604 0.0125 0.0975 0
2605 0.015 0.0975 0
2606 0.0175 0.0975 0
2607 0.02 0.0975 0
2608 0.0225 0.0975 0
2609 0.025 0.0975 0
2610 0.0275 0.0975 0
2611 0.03 0.0975 0
2612 0.0325 0.0975 0
2613 0.035 0.0975 0
2614 0.0375 0.0975 0
2615 0.04 0.0975 0
2616 0.0425 0.0975 0
2617 0.045 0.0975 0
2618 0.0475 0.0975 0
2619 0.05 0.0975 0
2620 0.0525 0.0975 0
2621 0.055 0.0975 0
2622 0.0575 0.0975 0
2623 0.06 0.0975 0
2624 0.0625 0.0975 0
2625 0.065 0.0975 0
2626 0.0675 0.0975 0
2627 0.07 0.0975 0
2628 0.0725 0.0975 0
2629 0.075 0.0975 0
2630 0.0775 0.0975 0
2631 0.08 0.0975 0
2632 0.0825 0.0975 0
2633 0.085 0.0975 0
2634 0.0875 0.0975 0
2635 0.09 0.0975 0
2636 0.0925 0.0975 0
2637 0.095 0.0975 0
2638 0.0975 0.0975 0
2639 0.1 0.0975 0
2640 0 0.1 0
2641 0.0025 0.1 0
2642 0.005 0.1 0
2643 0.0075 0.1 0
2644 0.01 0.1 0
2645 0.0125 0.1 0
2646 0.015 0.1 0
2647 0.0175 0.1 0
2648 0.02 0.1 0
2649 0.0225 0.1 0
2650 0.025 0.1 0
2651 0.0275 0.1 0
2652 0.03 0.1 0
2653 0.0325 0.1 0
2654 0.035 0.1 0
2655 0.0375 0.1 0
2656 0.04 0.1 0
2657 0.0425 0.1 0
2658 0.045 0.1 0
2659 0.0475 0.1 0
2660 0.05 0.1 0
2661 0.0525 0.1 0
2662 0.055 0.1 0
2663 0.0575 0.1 0
2664 0.06 0.1 0
2665 0.0625 0.1 0
2666 0.065 0.1 0
2667 0.0675 0.1 0
2668 0.07 0.1 0
2669 0.0725 0.1 0
2670 0.075 0.1 0
2671 0.0775 0.1 0
2672 0.08 0.1 0
2673 0.0825 0.1 0
2674 0.085 0.1 0
2675 0.0875 0.1 0
2676 0.09 0.1 0
2677 0.0925 0.1 0
2678 0.095 0.1 0
2679 0.0975 0.1 0
2680 0.1 0.1 0
$EndNodes
$Elements
3360
1 2 1 1 1000 1001 1042
2 2 1 1 1000 1042 1041
3 2 1 1 1001 1043 1002
4 2 1 1 1001 1042 1043
5 2 1 1 1002 1003 1044
6 2 1 1 1002 1044 1043
7 2 1 1 1003 1045 1004
8 2 1 1 1003 1044 1045
9 2 1 1 1004 1005 1046
10 2 1 1 1004 1046 1045
11 2 1 1 1005 1047 1006
12 2 1 1 1005 1046 1047
13 2 1 1 1006 1007 1048
14 2 1 1 1006 1048 1047
15 2 1 1 1007 1049 1008
16 2 1 1 1007 1048 1049
17 2 1 1 1008 1009 1050
18 2 1 1 1008 1050 1049
19 2 1 1 1009 1051 1010
20 2 1 1 1009 1050 1051
21 2 1 1 1010 1011 1052
22 2 1 1 1010 1052 1051
23 2 1 1 1011 1053 1012
24 2 1 1 1011 1052 1053
25 2 1 1 1012 1013 1054
26 2 1 1 1012 1054 1053
27 2 1 1 1013 1055 1014
28 2 1 1 1013 1054 1055
29 2 1 1 1014 1015 1056
30 2 1 1 1014 1056 1055
31 2 1 1 1015 1057 1016
32 2 1 1 1015 1056 1057
33 2 1 1 1016 1017 1058
34 2 1 1 1016 1058 1057
35 2 1 1 1017 1059 1018
36 2 1 1 1017 1058 1059
37 2 1 1 1018 1019 1060
38 2 1 1 1018 1060 1059
39 2 1 1 1019 1061 1020
40 2 1 1 1019 1060 1061
41 2 1 2 1020 1021 1062
42 2 1 2 1020 1062 1061
43 2 1 2 1021 1063 1022
44 2 1 2 1021 1062 1063
45 2 1 2 1022 1023 1064
46 2 1 2 1022 1064 1063
47 2 1 2 1023 1065 1024
48 2 1 2 1023 1064 1065
49 2 1 2 1024 1025 1066
50 2 1 2 1024 1066 1065
51 2 1 2 1025 1067 1026
52 2 1 2 1025 1066 1067
53 2 1 2 1026 1027 1068
54 2 1 2 1026 1068 1067
55 2 1 2 1027 1069 1028
56 2 1 2 1027 1068 1069
57 2 1 2 1028 1029 1070
58 2 1 2 1028 1070 1069
59 2 1 2 1029 1071 1030
60 2 1 2 1029 1070 1071
61 2 1 2 1030 1031 1072
62 2 1 2 1030 1072 1071
63 2 1 2 1031 1073 1032
64 2 1 2 1031 1072 1073
65 2 1 2 1032 1033 1074
66 2 1 2 1032 1074 1073
67 2 1 2 1033 1075 1034
68 2 1 2 1033 1074 1075
69 2 1 2 1034 1035 1076
70 2 1 2 1034 1076 1075
71 2 1 2 1035 1077 1036
72 2 1 2 1035 1076 1077
73 2 1 2 1036 1037 1078
74 2 1 2 1036 1078 1077
75 2 1 2 1037 1079 1038
76 2 1 2 1037 1078 1079
77 2 1 2 1038 1039 1080
78 2 1 2 1038 1080 1079
79 2 1 2 1039 1081 1040
80 2 1 2 1039 1080 1081
81 2 1 1 1041 1083 1042
82 2 1 1 1041 1082 1083
83 2 1 1 1042 1043 1084
84 2 1 1 1042 1084 1083
85 2 1 1 1043 1085 1044
86 2 1 1 1043 1084 1085
87 2 1 1 1044 1045 1086
88 2 1 1 1044 1086 1085
89 2 1 1 1045 1087 1046
90 2 1 1 1045 1086 1087
91 2 1 1 1046 1047 1088
92 2 1 1 1046 1088 1087
93 2 1 1 1047 1089 1048
94 2 1 1 1047 1088 1089
95 2 1 1 1048 1049 1090
96 2 1 1 1048 1090 1089
97 2 1 1 1049 1091 1050
98 2 1 1 1049 1090 1091
99 2 1 1 1050 1051 1092
100 2 1 1 1050 1092 1091
101 2 1 1 1051 1093 1052
102 2 1 1 1051 1092 1093
103 2 1 1 1052 1053 1094
104 2 1 1 1052 1094 1093
105 2 1 1 1053 1095 1054
106 2 1 1 1053 1094 1095
107 2 1 1 1054 1055 1096
108 2 1 1 1054 1096 1095
109 2 1 1 1055 1097 1056
110 2 1 1 1055 1096 1097
111 2 1 1 1056 1057 1098
112 2 1 1 1056 1098 1097
113 2 1 1 1057 1099 1058
114 2 1 1 1057 1098 1099
115 2 1 1 1058 1059 1100
116 2 1 1 1058 1100 1099
117 2 1 1 1059 1101 1060
118 2 1 1 1059 1100 1101
119 2 1 1 1060 1061 1102
120 2 1 1 1060 1102 1101
121 2 1 2 1061 1103 1062
122 2 1 2 1061 1102 1103
123 2 1 2 1062 1063 1104
124 2 1 2 1062 1104 1103
125 2 1 2 1063 1105 1064
126 2 1 2 1063 1104 1105
127 2 1 2 1064 1065 1106
128 2 1 2 1064 1106 1105
129 2 1 2 1065 1107 1066
130 2 1 2 1065 1106 1107
131 2 1 2 1066 1067 1108
132 2 1 2 1066 1108 1107
133 2 1 2 1067 1109 1068
134 2 1 2 1067 1108 1109
135 2 1 2 1068 1069 1110
136 2 1 2 1068 1110 1109
137 2 1 2 1069 1111 1070
138 2 1 2 1069 1110 1111
139 2 1 2 1070 1071 1112
140 2 1 2 1070 1112 1111
141 2 1 2 1071 1113 1072
142 2 1 2 1071 1112 1113
143 2 1 2 1072 1073 1114
144 2 1 2 1072 1114 1113
145 2 1 2 1073 1115 1074
146 2 1 2 1073 1114 1115
147 2 1 2 1074 1075 1116
148 2 1 2 1074 1116 1115
149 2 1 2 1075 1117 1076
150 2 1 2 1075 1116 1117
151 2 1 2 1076 1077 1118
152 2 1 2 1076 1118 1117
153 2 1 2 1077 1119 1078
154 2 1 2 1077 1118 1119
155 2 1 2 1078 1079 1120
156 2 1 2 1078 1120 1119
157 2 1 2 1079 1121 1080
158 2 1 2 1079 1120 1121
159 2 1 2 1080 1081 1122
160 2 1 2 1080 1122 1121
161 2 1 1 1082 1083 1124
162 2 1 1 1082 1124 1123
163 2 1 1 1083 1125 1084
164 2 1 1 1083 1124 1125
165 2 1 1 1084 1085 1126
166 2 1 1 1084 1126 1125
167 2 1 1 1085 1127 1086
168 2 1 1 1085 1126 1127
169 2 1 1 1086 1087 1128
170 2 1 1 1086 1128 1127
171 2 1 1 1087 1129 1088
172 2 1 1 1087 1128 1129
173 2 1 1 1088 1089 1130
174 2 1 1 1088 1130 1129
175 2 1 1 1089 1131 1090
176 2 1 1 1089 1130 1131
177 2 1 1 1090 1091 1132
178 2 1 1 1090 1132 1131
179 2 1 1 1091 1133 1092
180 2 1 1 1091 1132 1133
181 2 1 1 1092 1093 1134
182 2 1 1 1092 1134 1133
183 2 1 1 1093 1135 1094
184 2 1 1 1093 1134 1135
185 2 1 1 1094 1095 1136
186 2 1 1 1094 1136 1135
187 2 1 1 1095 1137 1096
188 2 1 1 1095 1136 1137
189 2 1 1 1096 1097 1138
190 2 1 1 1096 1138 1137
191 2 1 1 1097 1139 1098
192 2 1 1 1097 1138 1139
193 2 1 1 1098 1099 1140
194 2 1 1 1098 1140 1139
195 2 1 1 1099 1141 1100
196 2 1 1 1099 1140 1141
197 2 1 1 1100 1101 1142
198 2 1 1 1100 1142 1141
199 2 1 1 1101 1143 1102
200 2 1 1 1101 1142 1143
201 2 1 2 1102 1103 1144
202 2 1 2 1102 1144 1143
203 2 1 2 1103 1145 1104
204 2 1 2 1103 1144 1145
205 2 1 2 1104 1105 1146
206 2 1 2 1104 1146 1145
207 2 1 2 1105 1147 1106
208 2 1 2 1105 1146 1147
209 2 1 2 1106 1107 1148
210 2 1 2 1106 1148 1147
211 2 1 2 1107 1149 1108
212 2 1 2 1107 1148 1149
213 2 1 2 1108 1109 1150
214 2 1 2 1108 1150 1149
215 2 1 2 1109 1151 1110
216 2 1 2 1109 1150 1151
217 2 1 2 1110 1111 1152
218 2 1 2 1110 1152 1151
219 2 1 2 1111 1153 1112
220 2 1 2 1111 1152 1153
221 2 1 2 1112 1113 1154
222 2 1 2 1112 1154 1153
223 2 1 2 1113 1155 1114
224 2 1 2 1113 1154 1155
225 2 1 2 1114 1115 1156
226 2 1 2 1114 1156 1155
227 2 1 2 1115 1157 1116
228 2 1 2 1115 1156 1157
229 2 1 2 1116 1117 1158
230 2 1 2 1116 1158 1157
231 2 1 2 1117 1159 1118
232 2 1 2 1117 1158 1159
233 2 1 2 1118 1119 1160
234 2 1 2 1118 1160 1159
235 2 1 2 1119 1161 1120
236 2 1 2 1119 1160 1161
237 2 1 2 1120 1121 1162
238 2 1 2 1120 1162 1161
239 2 1 2 1121 1163 1122
240 2 1 2 1121 1162 1163
241 2 1 1 1123 1165 1124
242 2 1 1 1123 1164 1165
243 2 1 1 1124 1125 1166
244 2 1 1 1124 1166 1165
245 2 1 1 1125 1167 1126
246 2 1 1 1125 1166 1167
247 2 1 1 1126 1127 1168
248 2 1 1 1126 1168 1167
249 2 1 1 1127 1169 1128
250 2 1 1 1127 1168 1169
251 2 1 1 1128 1129 1170
252 2 1 1 1128 1170 1169
253 2 1 1 1129 1171 1130
254 2 1 1 1129 1170 1171
255 2 1 1 1130 1131 1172
256 2 1 1 1130 1172 1171
257 2 1 1 1131 1173 1132
258 2 1 1 1131 1172 1173
259 2 1 1 1132 1133 1174
260 2 1 1 1132 1174 1173
261 2 1 1 1133 1175 1134
262 2 1 1 1133 1174 1175
263 2 1 1 1134 1135 1176
264 2 1 1 1134 1176 1175
265 2 1 1 1135 1177 1136
266 2 1 1 1135 1176 1177
267 2 1 1 1136 1137 1178
268 2 1 1 1136 1178 1177
269 2 1 1 1137 1179 1138
270 2 1 1 1137 1178 1179
271 2 1 1 1138 1139 1180
272 2 1 1 1138 1180 1179
273 2 1 1 1139 1181 1140
274 2 1 1 1139 1180 1181
275 2 1 1 1140 1141 1182
276 2 1 1 1140 1182 1181
277 2 1 1 1141 1183 1142
278 2 1 1 1141 1182 1183
279 2 1 1 1142 1143 1184
280 2 1 1 1142 1184 1183
281 2 1 2 1143 1185 1144
282 2 1 2 1143 1184 1185
283 2 1 2 1144 1145 1186
284 2 1 2 1144 1186 1185
285 2 1 2 1145 1187 1146
286 2 1 2 1145 1186 1187
287 2 1 2 1146 1147 1188
288 2 1 2 1146 1188 1187
289 2 1 2 1147 1189 1148
290 2 1 2 1147 1188 1189
291 2 1 2 1148 1149 1190
292 2 1 2 1148 1190 1189
293 2 1 2 1149 1191 1150
294 2 1 2 1149 1190 1191
295 2 1 2 1150 1151 1192
296 2 1 2 1150 1192 1191
297 2 1 2 1151 1193 1152
298 2 1 2 1151 1192 1193
299 2 1 2 1152 1153 1194
300 2 1 2 1152 1194 1193
301 2 1 2 1153 1195 1154
302 2 1 2 1153 1194 1195
303 2 1 2 1154 1155 1196
304 2 1 2 1154 1196 1195
305 2 1 2 1155 1197 1156
306 2 1 2 1155 1196 1197
307 2 1 2 1156 1157 1198
308 2 1 2 1156 1198 1197
309 2 1 2 1157 1199 1158
310 2 1 2 1157 1198 1199
311 2 1 2 1158 1159 1200
312 2 1 2 1158 1200 1199
313 2 1 2 1159 1201 1160
314 2 1 2 1159 1200 1201
315 2 1 2 1160 1161 1202
316 2 1 2 1160 1202 1201
317 2 1 2 1161 1203 1162
318 2 1 2 1161 1202 1203
319 2 1 2 1162 1163 1204
320 2 1 2 1162 1204 1203
321 2 1 1 1164 1165 1206
322 2 1 1 1164 1206 1205
323 2 1 1 1165 1207 1166
324 2 1 1 1165 1206 1207
325 2 1 1 1166 1167 1208
326 2 1 1 1166 1208 1207
327 2 1 1 1167 1209 1168
328 2 1 1 1167 1208 1209
329 2 1 1 1168 1169 1210
330 2 1 1 1168 1210 1209
331 2 1 1 1169 1211 1170
332 2 1 1 1169 1210 1211
333 2 1 1 1170 1171 1212
334 2 1 1 1170 1212 1211
335 2 1 1 1171 1213 1172
336 2 1 1 1171 1212 1213
337 2 1 1 1172 1173 1214
338 2 1 1 1172 1214 1213
339 2 1 1 1173 1215 1174
340 2 1 1 1173 1214 1215
341 2 1 1 1174 1175 1216
342 2 1 1 1174 1216 1215
343 2 1 1 1175 1217 1176
344 2 1 1 1175 1216 1217
345 2 1 1 1176 1177 1218
346 2 1 1 1176 1218 1217
347 2 1 1 1177 1219 1178
348 2 1 1 1177 1218 1219
349 2 1 1 1178 1179 1220
350 2 1 1 1178 1220 1219
351 2 1 1 1179 1221 1180
352 2 1 1 1179 1220 1221
353 2 1 1 1180 1181 1222
354 2 1 1 1180 1222 1221
355 2 1 1 1181 1223 1182
356 2 1 1 1181 1222 1223
357 2 1 1 1182 1183 1224
358 2 1 1 1182 1224 1223
359 2 1 1 1183 1225 1184
360 2 1 1 1183 1224 1225
361 2 1 2 1184 1185 1226
362 2 1 2 1184 1226 1225
363 2 1 2 1185 1227 1186
364 2 1 2 1185 1226 1227
365 2 1 2 1186 1187 1228
366 2 1 2 1186 1228 1227
367 2 1 2 1187 1229 1188
368 2 1 2 1187 1228 1229
369 2 1 2 1188 1189 1230
370 2 1 2 1188 1230 1229
371 2 1 2 1189 1231 1190
372 2 1 2 1189 1230 1231
373 2 1 2 1190 1191 1232
374 2 1 2 1190 1232 1231
375 2 1 2 1191 1233 1192
376 2 1 2 1191 1232 1233
377 2 1 2 1192 1193 1234
378 2 1 2 1192 1234 1233
379 2 1 2 1193 1235 1194
380 2 1 2 1193 1234 1235
381 2 1 2 1194 1195 1236
382 2 1 2 1194 1236 1235
383 2 1 2 1195 1237 1196
384 2 1 2 1195 1236 1237
385 2 1 2 1196 1197 1238
386 2 1 2 1196 1238 1237
387 2 1 2 1197 1239 1198
388 2 1 2 1197 1238 1239
389 2 1 2 1198 1199 1240
390 2 1 2 1198 1240 1239
391 2 1 2 1199 1241 1200
392 2 1 2 1199 1240 1241
393 2 1 2 1200 1201 1242
394 2 1 2 1200 1242 1241
395 2 1 2 1201 1243 1202
396 2 1 2 1201 1242 1243
397 2 1 2 1202 1203 1244
398 2 1 2 1202 1244 1243
399 2 1 2 1203 1245 1204
400 2 1 2 1203 1244 1245
401 2 1 1 1205 1247 1206
402 2 1 1 1205 1246 1247
403 2 1 1 1206 1207 1248
404 2 1 1 1206 1248 1247
405 2 1 1 1207 1249 1208
406 2 1 1 1207 1248 1249
407 2 1 1 1208 1209 1250
408 2 1 1 1208 1250 1249
409 2 1 1 1209 1251 1210
410 2 1 1 1209 1250 1251
411 2 1 1 1210 1211 1252
412 2 1 1 1210 1252 1251
413 2 1 1 1211 1253 1212
414 2 1 1 1211 1252 1253
415 2 1 1 1212 1213 1254
416 2 1 1 1212 1254 1253
417 2 1 1 1213 1255 1214
418 2 1 1 1213 1254 1255
419 2 1 1 1214 1215 1256
420 2 1 1 1214 1256 1255
421 2 1 1 1215 1257 1216
422 2 1 1 1215 1256 1257
423 2 1 1 1216 1217 1258
424 2 1 1 1216 1258 1257
425 2 1 1 1217 1259 1218
426 2 1 1 1217 1258 1259
427 2 1 1 1218 1219 1260
428 2 1 1 1218 1260 1259
429 2 1 1 1219 1261 1220
430 2 1 1 1219 1260 1261
431 2 1 1 1220 1221 1262
432 2 1 1 1220 1262 1261
433 2 1 1 1221 1263 1222
434 2 1 1 1221 1262 1263
435 2 1 1 1222 1223 1264
436 2 1 1 1222 1264 1263
437 2 1 1 1223 1265 1224
438 2 1 1 1223 1264 1265
439 2 1 1 1224 1225 1266
440 2 1 1 1224 1266 1265
441 2 1 2 1225 1267 1226
442 2 1 2 1225 1266 1267
443 2 1 2 1226 1227 1268
444 2 1 2 1226 1268 1267
445 2 1 2 1227 1269 1228
446 2 1 2 1227 1268 1269
447 2 1 2 1228 1229 1270
448 2 1 2 1228 1270 1269
449 2 1 2 1229 1271 1230
450 2 1 2 1229 1270 1271
451 2 1 2 1230 1231 1272
452 2 1 2 1230 1272 1271
453 2 1 2 1231 1273 1232
454 2 1 2 1231 1272 1273
455 2 1 2 1232 1233 1274
456 2 1 2 1232 1274 1273
457 2 1 2 1233 1275 1234
458 2 1 2 1233 1274 1275
459 2 1 2 1234 1235 1276
460 2 1 2 1234 1276 1275
461 2 1 2 1235 1277 1236
462 2 1 2 1235 1276 1277
463 2 1 2 1236 1237 1278
464 2 1 2 1236 1278 1277
465 2 1 2 1237 1279 1238
466 2 1 2 1237 1278 1279
467 2 1 2 1238 1239 1280
468 2 1 2 1238 1280 1279
469 2 1 2 1239 1281 1240
470 2 1 2 1239 1280 1281
471 2 1 2 1240 1241 1282
472 2 1 2 1240 1282 1281
473 2 1 2 1241 1283 1242
474 2 1 2 1241 1282 1283
475 2 1 2 1242 1243 1284
476 2 1 2 1242 1284 1283
477 2 1 2 1243 1285 1244
478 2 1 2 1243 1284 1285
479 2 1 2 1244 1245 1286
480 2 1 2 1244 1286 1285
481 2 1 1 1246 1247 1288
482 2 1 1 1246 1288 1287
483 2 1 1 1247 1289 1248
484 2 1 1 1247 1288 1289
485 2 1 1 1248 1249 1290
486 2 1 1 1248 1290 1289
487 2 1 1 1249 1291 1250
488 2 1 1 1249 1290 1291
489 2 1 1 1250 1251 1292
490 2 1 1 1250 1292 1291
491 2 1 1 1251 1293 1252
492 2 1 1 1251 1292 1293
493 2 1 1 1252 1253 1294
494 2 1 1 1252 1294 1293
495 2 1 1 1253 1295 1254
496 2 1 1 1253 1294 1295
497 2 1 1 1254 1255 1296
498 2 1 1 1254 1296 1295
499 2 1 1 1255 1297 1256
500 2 1 1 1255 1296 1297
501 2 1 1 1256 1257 1298
502 2 1 1 1256 1298 1297
503 2 1 1 1257 1299 1258
504 2 1 1 1257 1298 1299
505 2 1 1 1258 1259 1300
506 2 1 1 1258 1300 1299
507 2 1 1 1259 1301 1260
508 2 1 1 1259 1300 1301
509 2 1 1 1260 1261 1302
510 2 1 1 1260 1302 1301
511 2 1 1 1261 1303 1262
512 2 1 1 1261 1302 1303
513 2 1 1 1262 1263 1304
514 2 1 1 1262 1304 1303
515 2 1 1 1263 1305 1264
516 2 1 1 1263 1304 1305
517 2 1 1 1264 1265 1306
518 2 1 1 1264 1306 1305
519 2 1 1 1265 1307 1266
520 2 1 1 1265 1306 1307
521 2 1 2 1266 1267 1308
522 2 1 2 1266 1308 1307
523 2 1 2 1267 1309 1268
524 2 1 2 1267 1308 1309
525 2 1 2 1268 1269 1310
526 2 1 2 1268 1310 1309
527 2 1 2 1269 1311 1270
528 2 1 2 1269 1310 1311
529 2 1 2 1270 1271 1312
530 2 1 2 1270 1312 1311
531 2 1 2 1271 1313 1272
532 2 1 2 1271 1312 1313
533 2 1 2 1272 1273 1314
534 2 1 2 1272 1314 1313
535 2 1 2 1273 1315 1274
536 2 1 2 1273 1314 1315
537 2 1 2 1274 1275 1316
538 2 1 2 1274 1316 1315
539 2 1 2 1275 1317 1276
540 2 1 2 1275 1316 1317
541 2 1 2 1276 1277 1318
542 2 1 2 1276 1318 1317
543 2 1 2 1277 1319 1278
544 2 1 2 1277 1318 1319
545 2 1 2 1278 1279 1320
546 2 1 2 1278 1320 1319
547 2 1 2 1279 1321 1280
548 2 1 2 1279 1320 1321
549 2 1 2 1280 1281 1322
550 2 1 2 1280 1322 1321
551 2 1 2 1281 1323 1282
552 2 1 2 1281 1322 1323
553 2 1 2 1282 1283 1324
554 2 1 2 1282 1324 1323
555 2 1 2 1283 1325 1284
556 2 1 2 1283 1324 1325
557 2 1 2 1284 1285 1326
558 2 1 2 1284 1326 1325
559 2 1 2 1285 1327 1286
560 2 1 2 1285 1326 1327
561 2 1 1 1287 1329 1288
562 2 1 1 1287 1328 1329
563 2 1 1 1288 1289 1330
564 2 1 1 1288 1330 1329
565 2 1 1 1289 1331 1290
566 2 1 1 1289 1330 1331
567 2 1 1 1290 1291 1332
568 2 1 1 1290 1332 1331
569 2 1 1 1291 1333 1292
570 2 1 1 1291 1332 1333
571 2 1 1 1292 1293 1334
572 2 1 1 1292 1334 1333
573 2 1 1 1293 1335 1294
574 2 1 1 1293 1334 1335
575 2 1 1 1294 1295 1336
576 2 1 1 1294 1336 1335
577 2 1 1 1295 1337 1296
578 2 1 1 1295 1336 1337
579 2 1 1 1296 1297 1338
580 2 1 1 1296 1338 1337
581 2 1 1 1297 1339 1298
582 2 1 1 1297 1338 1339
583 2 1 1 1298 1299 1340
584 2 1 1 1298 1340 1339
585 2 1 1 1299 1341 1300
586 2 1 1 1299 1340 1341
587 2 1 1 1300 1301 1342
588 2 1 1 1300 1342 1341
589 2 1 1 1301 1343 1302
590 2 1 1 1301 1342 1343
591 2 1 1 1302 1303 1344
592 2 1 1 1302 1344 1343
593 2 1 1 1303 1345 1304
594 2 1 1 1303 1344 1345
595 2 1 1 1304 1305 1346
596 2 1 1 1304 1346 1345
597 2 1 1 1305 1347 1306
598 2 1 1 1305 1346 1347
599 2 1 1 1306 1307 1348
600 2 1 1 1306 1348 1347
601 2 1 2 1307 1349 1308
602 2 1 2 1307 1348 1349
603 2 1 2 1308 1309 1350
604 2 1 2 1308 1350 1349
605 2 1 2 1309 1351 1310
606 2 1 2 1309 1350 1351
607 2 1 2 1310 1311 1352
608 2 1 2 1310 1352 1351
609 2 1 2 1311 1353 1312
610 2 1 2 1311 1352 1353
611 2 1 2 1312 1313 1354
612 2 1 2 1312 1354 1353
613 2 1 2 1313 1355 1314
614 2 1 2 1313 1354 1355
615 2 1 2 1314 1315 1356
616 2 1 2 1314 1356 1355
617 2 1 2 1315 1357 1316
618 2 1 2 1315 1356 1357
619 2 1 2 1316 1317 1358
620 2 1 2 1316 1358 1357
621 2 1 2 1317 1359 1318
622 2 1 2 1317 1358 1359
623 2 1 2 1318 1319 1360
624 2 1 2 1318 1360 1359
625 2 1 2 1319 1361 1320
626 2 1 2 1319 1360 1361
627 2 1 2 1320 1321 1362
628 2 1 2 1320 1362 1361
629 2 1 2 1321 1363 1322
630 2 1 2 1321 1362 1363
631 2 1 2 1322 1323 1364
632 2 1 2 1322 1364 1363
633 2 1 2 1323 1365 1324
634 2 1 2 1323 1364 1365
635 2 1 2 1324 1325 1366
636 2 1 2 1324 1366 1365
637 2 1 2 1325 1367 1326
638 2 1 2 1325 1366 1367
639 2 1 2 1326 1327 1368
640 2 1 2 1326 1368 1367
641 2 1 1 1328 1329 1370
642 2 1 1 1328 1370 1369
643 2 1 1 1329 1371 1330
644 2 1 1 1329 1370 1371
645 2 1 1 1330 1331 1372
646 2 1 1 1330 1372 1371
647 2 1 1 1331 1373 1332
648 2 1 1 1331 1372 1373
649 2 1 1 1332 1333 1374
650 2 1 1 1332 1374 1373
651 2 1 1 1333 1375 1334
652 2 1 1 1333 1374 1375
653 2 1 1 1334 1335 1376
654 2 1 1 1334 1376 1375
655 2 1 1 1335 1377 1336
656 2 1 1 1335 1376 1377
657 2 1 1 1336 1337 1378
658 2 1 1 1336 1378 1377
659 2 1 1 1337 1379 1338
660 2 1 1 1337 1378 1379
661 2 1 1 1338 1339 1380
662 2 1 1 1338 1380 1379
663 2 1 1 1339 1381 1340
664 2 1 1 1339 1380 1381
665 2 1 1 1340 1341 1382
666 2 1 1 1340 1382 1381
667 2 1 1 1341 1383 1342
668 2 1 1 1341 1382 1383
669 2 1 1 1342 1343 1384
670 2 1 1 1342 1384 1383
671 2 1 1 1343 1385 1344
672 2 1 1 1343 1384 1385
673 2 1 1 1344 1345 1386
674 2 1 1 1344 1386 1385
675 2 1 1 1345 1387 1346
676 2 1 1 1345 1386 1387
677 2 1 1 1346 1347 1388
678 2 1 1 1346 1388 1387
679 2 1 1 1347 1389 1348
680 2 1 1 1347 1388 1389
681 2 1 2 1348 1349 1390
682 2 1 2 1348 1390 1389
683 2 1 2 1349 1391 1350
684 2 1 2 1349 1390 1391
685 2 1 2 1350 1351 1392
686 2 1 2 1350 1392 1391
687 2 1 2 1351 1393 1352
688 2 1 2 1351 1392 1393
689 2 1 2 1352 1353 1394
690 2 1 2 1352 1394 1393
691 2 1 2 1353 1395 1354
692 2 1 2 1353 1394 1395
693 2 1 2 1354 1355 1396
694 2 1 2 1354 1396 1395
695 2 1 2 1355 1397 1356
696 2 1 2 1355 1396 1397
697 2 1 2 1356 1357 1398
698 2 1 2 1356 1398 1397
699 2 1 2 1357 1399 1358
700 2 1 2 1357 1398 1399
701 2 1 2 1358 1359 1400
702 2 1 2 1358 1400 1399
703 2 1 2 1359 1401 1360
704 2 1 2 1359 1400 1401
705 2 1 2 1360 1361 1402
706 2 1 2 1360 1402 1401
707 2 1 2 1361 1403 1362
708 2 1 2 1361 1402 1403
709 2 1 2 1362 1363 1404
710 2 1 2 1362 1404 1403
711 2 1 2 1363 1405 1364
712 2 1 2 1363 1404 1405
713 2 1 2 1364 1365 1406
714 2 1 2 1364 1406 1405
715 2 1 2 1365 1407 1366
716 2 1 2 1365 1406 1407
717 2 1 2 1366 1367 1408
718 2 1 2 1366 1408 1407
719 2 1 2 1367 1409 1368
720 2 1 2 1367 1408 1409
721 2 1 1 1369 1411 1370
722 2 1 1 1369 1410 1411
723 2 1 1 1370 1371 1412
724 2 1 1 1370 1412 1411
725 2 1 1 1371 1413 1372
726 2 1 1 1371 1412 1413
727 2 1 1 1372 1373 1414
728 2 1 1 1372 1414 1413
729 2 1 1 1373 1415 1374
730 2 1 1 1373 1414 1415
731 2 1 1 1374 1375 1416
732 2 1 1 1374 1416 1415
733 2 1 1 1375 1417 1376
734 2 1 1 1375 1416 1417
735 2 1 1 1376 1377 1418
736 2 1 1 1376 1418 1417
737 2 1 1 1377 1419 1378
738 2 1 1 1377 1418 1419
739 2 1 1 1378 1379 1420
740 2 1 1 1378 1420 1419
741 2 1 1 1379 1421 1380
742 2 1 1 1379 1420 1421
743 2 1 1 1380 1381 1422
744 2 1 1 1380 1422 1421
745 2 1 1 1381 1423 1382
746 2 1 1 1381 1422 1423
747 2 1 1 1382 1383 1424
748 2 1 1 1382 1424 1423
749 2 1 1 1383 1425 1384
750 2 1 1 1383 1424 1425
751 2 1 1 1384 1385 1426
752 2 1 1 1384 1426 1425
753 2 1 1 1385 1427 1386
754 2 1 1 1385 1426 1427
755 2 1 1 1386 1387 1428
756 2 1 1 1386 1428 1427
757 2 1 1 1387 1429 1388
758 2 1 1 1387 1428 1429
759 2 1 1 1388 1389 1430
760 2 1 1 1388 1430 1429
761 2 1 2 1389 1431 1390
762 2 1 2 1389 1430 1431
763 2 1 2 1390 1391 1432
764 2 1 2 1390 1432 1431
765 2 1 2 1391 1433 1392
766 2 1 2 1391 1432 1433
767 2 1 2 1392 1393 1434
768 2 1 2 1392 1434 1433
769 2 1 2 1393 1435 1394
770 2 1 2 1393 1434 1435
771 2 1 2 1394 1395 1436
772 2 1 2 1394 1436 1435
773 2 1 2 1395 1437 1396
774 2 1 2 1395 1436 1437
775 2 1 2 1396 1397 1438
776 2 1 2 1396 1438 1437
777 2 1 2 1397 1439 1398
778 2 1 2 1397 1438 1439
779 2 1 2 1398 1399 1440
780 2 1 2 1398 1440 1439
781 2 1 2 1399 1441 1400
782 2 1 2 1399 1440 1441
783 2 1 2 1400 1401 1442
784 2 1 2 1400 1442 1441
785 2 1 2 1401 1443 1402
786 2 1 2 1401 1442 1443
787 2 1 2 1402 1403 1444
788 2 1 2 1402 1444 1443
789 2 1 2 1403 1445 1404
790 2 1 2 1403 1444 1445
791 2 1 2 1404 1405 1446
792 2 1 2 1404 1446 1445
793 2 1 2 1405 1447 1406
794 2 1 2 1405 1446 1447
795 2 1 2 1406 1407 1448
796 2 1 2 1406 1448 1447
797 2 1 2 1407 1449 1408
798 2 1 2 1407 1448 1449
799 2 1 2 1408 1409 1450
800 2 1 2 1408 1450 1449
801 2 1 1 1410 1411 1452
802 2 1 1 1410 1452 1451
803 2 1 1 1411 1453 1412
804 2 1 1 1411 1452 1453
805 2 1 1 1412 1413 1454
806 2 1 1 1412 1454 1453
807 2 1 1 1413 1455 1414
808 2 1 1 1413 1454 1455
809 2 1 1 1414 1415 1456
810 2 1 1 1414 1456 1455
811 2 1 1 1415 1457 1416
812 2 1 1 1415 1456 1457
813 2 1 1 1416 1417 1458
814 2 1 1 1416 1458 1457
815 2 1 1 1417 1459 1418
816 2 1 1 1417 1458 1459
817 2 1 1 1418 1419 1460
818 2 1 1 1418 1460 1459
819 2 1 1 1419 1461 1420
820 2 1 1 1419 1460 1461
821 2 1 1 1420 1421 1462
822 2 1 1 1420 1462 1461
823 2 1 1 1421 1463 1422
824 2 1 1 1421 1462 1463
825 2 1 1 1422 1423 1464
826 2 1 1 1422 1464 1463
827 2 1 1 1423 1465 1424
828 2 1 1 1423 1464 1465
829 2 1 1 1424 1425 1466
830 2 1 1 1424 1466 1465
831 2 1 1 1425 1467 1426
832 2 1 1 1425 1466 1467
833 2 1 1 1426 1427 1468
834 2 1 1 1426 1468 1467
835 2 1 1 1427 1469 1428
836 2 1 1 1427 1468 1469
837 2 1 1 1428 1429 1470
838 2 1 1 1428 1470 1469
839 2 1 1 1429 1471 1430
840 2 1 1 1429 1470 1471
841 2 1 2 1430 1431 1472
842 2 1 2 1430 1472 1471
843 2 1 2 1431 1473 1432
844 2 1 2 1431 1472 1473
845 2 1 2 1432 1433 1474
846 2 1 2 1432 1474 1473
847 2 1 2 1433 1475 1434
848 2 1 2 1433 1474 1475
849 2 1 2 1434 1435 1476
850 2 1 2 1434 1476 1475
851 2 1 2 1435 1477 1436
852 2 1 2 1435 1476 1477
853 2 1 2 1436 1437 1478
854 2 1 2 1436 1478 1477
855 2 1 2 1437 1479 1438
856 2 1 2 1437 1478 1479
857 2 1 2 1438 1439 1480
858 2 1 2 1438 1480 1479
859 2 1 2 1439 1481 1440
860 2 1 2 1439 1480 1481
861 2 1 2 1440 1441 1482
862 2 1 2 1440 1482 1481
863 2 1 2 1441 1483 1442
864 2 1 2 1441 1482 1483
865 2 1 2 1442 1443 1484
866 2 1 2 1442 1484 1483
867 2 1 2 1443 1485 1444
868 2 1 2 1443 1484 1485
869 2 1 2 1444 1445 1486
870 2 1 2 1444 1486 1485
871 2 1 2 1445 1487 1446
872 2 1 2 1445 1486 1487
873 2 1 2 1446 1447 1488
874 2 1 2 1446 1488 1487
875 2 1 2 1447 1489 1448
876 2 1 2 1447 1488 1489
877 2 1 2 1448 1449 1490
878 2 1 2 1448 1490 1489
879 2 1 2 1449 1491 1450
880 2 1 2 1449 1490 1491
881 2 1 1 1451 1493 1452
882 2 1 1 1451 1492 1493
883 2 1 1 1452 1453 1494
884 2 1 1 1452 1494 1493
885 2 1 1 1453 1495 1454
886 2 1 1 1453 1494 1495
887 2 1 1 1454 1455 1496
888 2 1 1 1454 1496 1495
889 2 1 1 1455 1497 1456
890 2 1 1 1455 1496 1497
891 2 1 1 1456 1457 1498
892 2 1 1 1456 1498 1497
893 2 1 1 1457 1499 1458
894 2 1 1 1457 1498 1499
895 2 1 1 1458 1459 1500
896 2 1 1 1458 1500 1499
897 2 1 1 1459 1501 1460
898 2 1 1 1459 1500 1501
899 2 1 1 1460 1461 1502
900 2 1 1 1460 1502 1501
901 2 1 1 1461 1503 1462
902 2 1 1 1461 1502 1503
903 2 1 1 1462 1463 1504
904 2 1 1 1462 1504 1503
905 2 1 1 1463 1505 1464
906 2 1 1 1463 1504 1505
907 2 1 1 1464 1465 1506
908 2 1 1 1464 1506 1505
909 2 1 1 1465 1507 1466
910 2 1 1 1465 1506 1507
911 2 1 1 1466 1467 1508
912 2 1 1 1466 1508 1507
913 2 1 1 1467 1509 1468
914 2 1 1 1467 1508 1509
915 2 1 1 1468 1469 1510
916 2 1 1 1468 1510 1509
917 2 1 1 1469 1511 1470
918 2 1 1 1469 1510 1511
919 2 1 1 1470 1471 1512
920 2 1 1 1470 1512 1511
921 2 1 2 1471 1513 1472
922 2 1 2 1471 1512 1513
923 2 1 2 1472 1473 1514
924 2 1 2 1472 1514 1513
925 2 1 2 1473 1515 1474
926 2 1 2 1473 1514 1515
927 2 1 2 1474 1475 1516
928 2 1 2 1474 1516 1515
929 2 1 2 1475 1517 1476
930 2 1 2 1475 1516 1517
931 2 1 2 1476 1477 1518
932 2 1 2 1476 1518 1517
933 2 1 2 1477 1519 1478
934 2 1 2 1477 1518 1519
935 2 1 2 1478 1479 1520
936 2 1 2 1478 1520 1519
937 2 1 2 1479 1521 1480
938 2 1 2 1479 1520 1521
939 2 1 2 1480 1481 1522
940 2 1 2 1480 1522 1521
941 2 1 2 1481 1523 1482
942 2 1 2 1481 1522 1523
943 2 1 2 1482 1483 1524
944 2 1 2 1482 1524 1523
945 2 1 2 1483 1525 1484
946 2 1 2 1483 1524 1525
947 2 1 2 1484 1485 1526
948 2 1 2 1484 1526 1525
949 2 1 2 1485 1527 1486
950 2 1 2 1485 1526 1527
951 2 1 2 1486 1487 1528
952 2 1 2 1486 1528 1527
953 2 1 2 1487 1529 1488
954 2 1 2 1487 1528 1529
955 2 1 2 1488 1489 1530
956 2 1 2 1488 1530 1529
957 2 1 2 1489 1531 1490
958 2 1 2 1489 1530 1531
959 2 1 2 1490 1491 1532
960 2 1 2 1490 1532 1531
961 2 1 1 1492 1493 1534
962 2 1 1 1492 1534 1533
963 2 1 1 1493 1535 1494
964 2 1 1 1493 1534 1535
965 2 1 1 1494 1495 1536
966 2 1 1 1494 1536 1535
967 2 1 1 1495 1537 1496
968 2 1 1 1495 1536 1537
969 2 1 1 1496 1497 1538
970 2 1 1 1496 1538 1537
971 2 1 1 1497 1539 1498
972 2 1 1 1497 1538 1539
973 2 1 1 1498 1499 1540
974 2 1 1 1498 1540 1539
975 2 1 1 1499 1541 1500
976 2 1 1 1499 1540 1541
977 2 1 1 1500 1501 1542
978 2 1 1 1500 1542 1541
979 2 1 1 1501 1543 1502
980 2 1 1 1501 1542 1543
981 2 1 1 1502 1503 1544
982 2 1 1 1502 1544 1543
983 2 1 1 1503 1545 1504
984 2 1 1 1503 1544 1545
985 2 1 1 1504 1505 1546
986 2 1 1 1504 1546 1545
987 2 1 1 1505 1547 1506
988 2 1 1 1505 1546 1547
989 2 1 1 1506 1507 1548
990 2 1 1 1506 1548 1547
991 2 1 1 1507 1549 1508
992 2 1 1 1507 1548 1549
993 2 1 1 1508 1509 1550
994 2 1 1 1508 1550 1549
995 2 1 1 1509 1551 1510
996 2 1 1 1509 1550 1551
997 2 1 1 1510 1511 1552
998 2 1 1 1510 1552 1551
999 2 1 1 1511 1553 1512
1000 2 1 1 1511 1552 1553
1001 2 1 2 1512 1513 1554
1002 2 1 2 1512 1554 1553
1003 2 1 2 1513 1555 1514
1004 2 1 2 1513 1554 1555
1005 2 1 2 1514 1515 1556
1006 2 1 2 1514 1556 1555
1007 2 1 2 1515 1557 1516
1008 2 1 2 1515 1556 1557
1009 2 1 2 1516 1517 1558
1010 2 1 2 1516 1558 1557
1011 2 1 2 1517 1559 1518
1012 2 1 2 1517 1558 1559
1013 2 1 2 1518 1519 1560
1014 2 1 2 1518 1560 1559
1015 2 1 2 1519 1561 1520
1016 2 1 2 1519 1560 1561
1017 2 1 2 1520 1521 1562
1018 2 1 2 1520 1562 1561
1019 2 1 2 1521 1563 1522
1020 2 1 2 1521 1562 1563
1021 2 1 2 1522 1523 1564
1022 2 1 2 1522 1564 1563
1023 2 1 2 1523 1565 1524
1024 2 1 2 1523 1564 1565
1025 2 1 2 1524 1525 1566
1026 2 1 2 1524 1566 1565
1027 2 1 2 1525 1567 1526
1028 2 1 2 1525 1566 1567
1029 2 1 2 1526 1527 1568
1030 2 1 2 1526 1568 1567
1031 2 1 2 1527 1569 1528
1032 2 1 2 1527 1568 1569
1033 2 1 2 1528 1529 1570
1034 2 1 2 1528 1570 1569
1035 2 1 2 1529 1571 1530
1036 2 1 2 1529 1570 1571
1037 2 1 2 1530 1531 1572
1038 2 1 2 1530 1572 1571
1039 2 1 2 1531 1573 1532
1040 2 1 2 1531 1572 1573
1041 2 1 1 1533 1575 1534
1042 2 1 1 1533 1574 1575
1043 2 1 1 1534 1535 1576
1044 2 1 1 1534 1576 1575
1045 2 1 1 1535 1577 1536
1046 2 1 1 1535 1576 1577
1047 2 1 1 1536 1537 1578
1048 2 1 1 1536 1578 1577
1049 2 1 1 1537 1579 1538
1050 2 1 1 1537 1578 1579
1051 2 1 1 1538 1539 1580
1052 2 1 1 1538 1580 1579
1053 2 1 1 1539 1581 1540
1054 2 1 1 1539 1580 1581
1055 2 1 1 1540 1541 1582
1056 2 1 1 1540 1582 1581
1057 2 1 1 1541 1583 1542
1058 2 1 1 1541 1582 1583
1059 2 1 1 1542 1543 1584
1060 2 1 1 1542 1584 1583
1061 2 1 1 1543 1585 1544
1062 2 1 1 1543 1584 1585
1063 2 1 1 1544 1545 1586
1064 2 1 1 1544 1586 1585
1065 2 1 1 1545 1587 1546
1066 2 1 1 1545 1586 1587
1067 2 1 1 1546 1547 1588
1068 2 1 1 1546 1588 1587
1069 2 1 1 1547 1589 1548
1070 2 1 1 1547 1588 1589
1071 2 1 1 1548 1549 1590
1072 2 1 1 1548 1590 1589
1073 2 1 1 1549 1591 1550
1074 2 1 1 1549 1590 1591
1075 2 1 1 1550 1551 1592
1076 2 1 1 1550 1592 1591
1077 2 1 1 1551 1593 1552
1078 2 1 1 1551 1592 1593
1079 2 1 1 1552 1553 1594
1080 2 1 1 1552 1594 1593
1081 2 1 2 1553 1595 1554
1082 2 1 2 1553 1594 1595
1083 2 1 2 1554 1555 1596
1084 2 1 2 1554 1596 1595
1085 2 1 2 1555 1597 1556
1086 2 1 2 1555 1596 1597
1087 2 1 2 1556 1557 1598
1088 2 1 2 1556 1598 1597
1089 2 1 2 1557 1599 1558
1090 2 1 2 1557 1598 1599
1091 2 1 2 1558 1559 1600
1092 2 1 2 1558 1600 1599
1093 2 1 2 1559 1601 1560
1094 2 1 2 1559 1600 1601
1095 2 1 2 1560 1561 1602
1096 2 1 2 1560 1602 1601
1097 2 1 2 1561 1603 1562
1098 2 1 2 1561 1602 1603
1099 2 1 2 1562 1563 1604
1100 2 1 2 1562 1604 1603
1101 2 1 2 1563 1605 1564
1102 2 1 2 1563 1604 1605
1103 2 1 2 1564 1565 1606
1104 2 1 2 1564 1606 1605
1105 2 1 2 1565 1607 1566
1106 2 1 2 1565 1606 1607
1107 2 1 2 1566 1567 1608
1108 2 1 2 1566 1608 1607
1109 2 1 2 1567 1609 1568
1110 2 1 2 1567 1608 1609
1111 2 1 2 1568 1569 1610
1112 2 1 2 1568 1610 1609
1113 2 1 2 1569 1611 1570
1114 2 1 2 1569 1610 1611
1115 2 1 2 1570 1571 1612
1116 2 1 2 1570 1612 1611
1117 2 1 2 1571 1613 1572
1118 2 1 2 1571 1612 1613
1119 2 1 2 1572 1573 1614
1120 2 1 2 1572 1614 1613
1121 2 1 1 1574 1575 1616
1122 2 1 1 1574 1616 1615
1123 2 1 1 1575 1617 1576
1124 2 1 1 1575 1616 1617
1125 2 1 1 1576 1577 1618
1126 2 1 1 1576 1618 1617
1127 2 1 1 1577 1619 1578
1128 2 1 1 1577 1618 1619
1129 2 1 1 1578 1579 1620
1130 2 1 1 1578 1620 1619
1131 2 1 1 1579 1621 1580
1132 2 1 1 1579 1620 1621
1133 2 1 1 1580 1581 1622
1134 2 1 1 1580 1622 1621
1135 2 1 1 1581 1623 1582
1136 2 1 1 1581 1622 1623
1137 2 1 1 1582 1583 1624
1138 2 1 1 1582 1624 1623
1139 2 1 1 1583 1625 1584
1140 2 1 1 1583 1624 1625
1141 2 1 1 1584 1585 1626
1142 2 1 1 1584 1626 1625
1143 2 1 1 1585 1627 1586
1144 2 1 1 1585 1626 1627
1145 2 1 1 1586 1587 1628
1146 2 1 1 1586 1628 1627
1147 2 1 1 1587 1629 1588
1148 2 1 1 1587 1628 1629
1149 2 1 1 1588 1589 1630
1150 2 1 1 1588 1630 1629
1151 2 1 1 1589 1631 1590
1152 2 1 1 1589 1630 1631
1153 2 1 1 1590 1591 1632
1154 2 1 1 1590 1632 1631
1155 2 1 1 1591 1633 1592
1156 2 1 1 1591 1632 1633
1157 2 1 1 1592 1593 1634
1158 2 1 1 1592 1634 1633
1159 2 1 1 1593 1635 1594
1160 2 1 1 1593 1634 1635
1161 2 1 2 1594 1595 1636
1162 2 1 2 1594 1636 1635
1163 2 1 2 1595 1637 1596
1164 2 1 2 1595 1636 1637
1165 2 1 2 1596 1597 1638
1166 2 1 2 1596 1638 1637
1167 2 1 2 1597 1639 1598
1168 2 1 2 1597 1638 1639
1169 2 1 2 1598 1599 1640
1170 2 1 2 1598 1640 1639
1171 2 1 2 1599 1641 1600
1172 2 1 2 1599 1640 1641
1173 2 1 2 1600 1601 1642
1174 2 1 2 1600 1642 1641
1175 2 1 2 1601 1643 1602
1176 2 1 2 1601 1642 1643
1177 2 1 2 1602 1603 1644
1178 2 1 2 1602 1644 1643
1179 2 1 2 1603 1645 1604
1180 2 1 2 1603 1644 1645
1181 2 1 2 1604 1605 1646
1182 2 1 2 1604 1646 1645
1183 2 1 2 1605 1647 1606
1184 2 1 2 1605 1646 1647
1185 2 1 2 1606 1607 1648
1186 2 1 2 1606 1648 1647
1187 2 1 2 1607 1649 1608
1188 2 1 2 1607 1648 1649
1189 2 1 2 1608 1609 1650
1190 2 1 2 1608 1650 1649
1191 2 1 2 1609 1651 1610
1192 2 1 2 1609 1650 1651
1193 2 1 2 1610 1611 1652
1194 2 1 2 1610 1652 1651
1195 2 1 2 1611 1653 1612
1196 2 1 2 1611 1652 1653
1197 2 1 2 1612 1613 1654
1198 2 1 2 1612 1654 1653
1199 2 1 2 1613 1655 1614
1200 2 1 2 1613 1654 1655
1201 2 1 1 1615 1657 1616
1202 2 1 1 1615 1656 1657
1203 2 1 1 1616 1617 1658
1204 2 1 1 1616 1658 1657
1205 2 1 1 1617 1659 1618
1206 2 1 1 1617 1658 1659
1207 2 1 1 1618 1619 1660
1208 2 1 1 1618 1660 1659
1209 2 1 1 1619 1661 1620
1210 2 1 1 1619 1660 1661
1211 2 1 1 1620 1621 1662
1212 2 1 1 1620 1662 1661
1213 2 1 1 1621 1663 1622
1214 2 1 1 1621 1662 1663
1215 2 1 1 1622 1623 1664
1216 2 1 1 1622 1664 1663
1217 2 1 1 1623 1665 1624
1218 2 1 1 1623 1664 1665
1219 2 1 1 1624 1625 1666
1220 2 1 1 1624 1666 1665
1221 2 1 1 1625 1667 1626
1222 2 1 1 1625 1666 1667
1223 2 1 1 1626 1627 1668
1224 2 1 1 1626 1668 1667
1225 2 1 1 1627 1669 1628
1226 2 1 1 1627 1668 1669
1227 2 1 1 1628 1629 1670
1228 2 1 1 1628 1670 1669
1229 2 1 1 1629 1671 1630
1230 2 1 1 1629 1670 1671
1231 2 1 1 1630 1631 1672
1232 2 1 1 1630 1672 1671
1233 2 1 1 1631 1673 1632
1234 2 1 1 1631 1672 1673
1235 2 1 1 1632 1633 1674
1236 2 1 1 1632 1674 1673
1237 2 1 1 1633 1675 1634
1238 2 1 1 1633 1674 1675
1239 2 1 1 1634 1635 1676
1240 2 1 1 1634 1676 1675
1241 2 1 2 1635 1677 1636
1242 2 1 2 1635 1676 1677
1243 2 1 2 1636 1637 1678
1244 2 1 2 1636 1678 1677
1245 2 1 2 1637 1679 1638
1246 2 1 2 1637 1678 1679
1247 2 1 2 1638 1639 1680
1248 2 1 2 1638 1680 1679
1249 2 1 2 1639 1681 1640
1250 2 1 2 1639 1680 1681
1251 2 1 2 1640 1641 1682
1252 2 1 2 1640 1682 1681
1253 2 1 2 1641 1683 1642
1254 2 1 2 1641 1682 1683
1255 2 1 2 1642 1643 1684
1256 2 1 2 1642 1684 1683
1257 2 1 2 1643 1685 1644
1258 2 1 2 1643 1684 1685
1259 2 1 2 1644 1645 1686
1260 2 1 2 1644 1686 1685
1261 2 1 2 1645 1687 1646
1262 2 1 2 1645 1686 1687
1263 2 1 2 1646 1647 1688
1264 2 1 2 1646 1688 1687
1265 2 1 2 1647 1689 1648
1266 2 1 2 1647 1688 1689
1267 2 1 2 1648 1649 1690
1268 2 1 2 1648 1690 1689
1269 2 1 2 1649 1691 1650
1270 2 1 2 1649 1690 1691
1271 2 1 2 1650 1651 1692
1272 2 1 2 1650 1692 1691
1273 2 1 2 1651 1693 1652
1274 2 1 2 1651 1692 1693
1275 2 1 2 1652 1653 1694
1276 2 1 2 1652 1694 1693
1277 2 1 2 1653 1695 1654
1278 2 1 2 1653 1694 1695
1279 2 1 2 1654 1655 1696
1280 2 1 2 1654 1696 1695
1281 2 1 1 1656 1657 1698
1282 2 1 1 1656 1698 1697
1283 2 1 1 1657 1699 1658
1284 2 1 1 1657 1698 1699
1285 2 1 1 1658 1659 1700
1286 2 1 1 1658 1700 1699
1287 2 1 1 1659 1701 1660
1288 2 1 1 1659 1700 1701
1289 2 1 1 1660 1661 1702
1290 2 1 1 1660 1702 1701
1291 2 1 1 1661 1703 1662
1292 2 1 1 1661 1702 1703
1293 2 1 1 1662 1663 1704
1294 2 1 1 1662 1704 1703
1295 2 1 1 1663 1705 1664
1296 2 1 1 1663 1704 1705
1297 2 1 1 1664 1665 1706
1298 2 1 1 1664 1706 1705
1299 2 1 1 1665 1707 1666
1300 2 1 1 1665 1706 1707
1301 2 1 1 1666 1667 1708
1302 2 1 1 1666 1708 1707
1303 2 1 1 1667 1709 1668
1304 2 1 1 1667 1708 1709
1305 2 1 1 1668 1669 1710
1306 2 1 1 1668 1710 1709
1307 2 1 1 1669 1711 1670
1308 2 1 1 1669 1710 1711
1309 2 1 1 1670 1671 1712
1310 2 1 1 1670 1712 1711
1311 2 1 1 1671 1713 1672
1312 2 1 1 1671 1712 1713
1313 2 1 1 1672 1673 1714
1314 2 1 1 1672 1714 1713
1315 2 1 1 1673 1715 1674
1316 2 1 1 1673 1714 1715
1317 2 1 1 1674 1675 1716
1318 2 1 1 1674 1716 1715
1319 2 1 1 1675 1717 1676
1320 2 1 1 1675 1716 1717
1321 2 1 2 1676 1677 1718
1322 2 1 2 1676 1718 1717
1323 2 1 2 1677 1719 1678
1324 2 1 2 1677 1718 1719
1325 2 1 2 1678 1679 1720
1326 2 1 2 1678 1720 1719
1327 2 1 2 1679 1721 1680
1328 2 1 2 1679 1720 1721
1329 2 1 2 1680 1681 1722
1330 2 1 2 1680 1722 1721
1331 2 1 2 1681 1723 1682
1332 2 1 2 1681 1722 1723
1333 2 1 2 1682 1683 1724
1334 2 1 2 1682 1724 1723
1335 2 1 2 1683 1725 1684
1336 2 1 2 1683 1724 1725
1337 2 1 2 1684 1685 1726
1338 2 1 2 1684 1726 1725
1339 2 1 2 1685 1727 1686
1340 2 1 2 1685 1726 1727
1341 2 1 2 1686 1687 1728
1342 2 1 2 1686 1728 1727
1343 2 1 2 1687 1729 1688
1344 2 1 2 1687 1728 1729
1345 2 1 2 1688 1689 1730
1346 2 1 2 1688 1730 1729
1347 2 1 2 1689 1731 1690
1348 2 1 2 1689 1730 1731
1349 2 1 2 1690 1691 1732
1350 2 1 2 1690 1732 1731
1351 2 1 2 1691 1733 1692
1352 2 1 2 1691 1732 1733
1353 2 1 2 1692 1693 1734
1354 2 1 2 1692 1734 1733
1355 2 1 2 1693 1735 1694
1356 2 1 2 1693 1734 1735
1357 2 1 2 1694 1695 1736
1358 2 1 2 1694 1736 1735
1359 2 1 2 1695 1737 1696
1360 2 1 2 1695 1736 1737
1361 2 1 1 1697 1739 1698
1362 2 1 1 1697 1738 1739
1363 2 1 1 1698 1699 1740
1364 2 1 1 1698 1740 1739
1365 2 1 1 1699 1741 1700
1366 2 1 1 1699 1740 1741
1367 2 1 1 1700 1701 1742
1368 2 1 1 1700 1742 1741
1369 2 1 1 1701 1743 1702
1370 2 1 1 1701 1742 1743
1371 2 1 1 1702 1703 1744
1372 2 1 1 1702 1744 1743
1373 2 1 1 1703 1745 1704
1374 2 1 1 1703 1744 1745
1375 2 1 1 1704 1705 1746
1376 2 1 1 1704 1746 1745
1377 2 1 1 1705 1747 1706
1378 2 1 1 1705 1746 1747
1379 2 1 1 1706 1707 1748
1380 2 1 1 1706 1748 1747
1381 2 1 1 1707 1749 1708
1382 2 1 1 1707 1748 1749
1383 2 1 1 1708 1709 1750
1384 2 1 1 1708 1750 1749
1385 2 1 1 1709 1751 1710
1386 2 1 1 1709 1750 1751
1387 2 1 1 1710 1711 1752
1388 2 1 1 1710 1752 1751
1389 2 1 1 1711 1753 1712
1390 2 1 1 1711 1752 1753
1391 2 1 1 1712 1713 1754
1392 2 1 1 1712 1754 1753
1393 2 1 1 1713 1755 1714
1394 2 1 1 1713 1754 1755
1395 2 1 1 1714 1715 1756
1396 2 1 1 1714 1756 1755
1397 2 1 1 1715 1757 1716
1398 2 1 1 1715 1756 1757
1399 2 1 1 1716 1717 1758
1400 2 1 1 1716 1758 1757
1401 2 1 2 1717 1759 1718
1402 2 1 2 1717 1758 1759
1403 2 1 2 1718 1719 1760
1404 2 1 2 1718 1760 1759
1405 2 1 2 1719 1761 1720
1406 2 1 2 1719 1760 1761
1407 2 1 2 1720 1721 1762
1408 2 1 2 1720 1762 1761
1409 2 1 2 1721 1763 1722
1410 2 1 2 1721 1762 1763
1411 2 1 2 1722 1723 1764
1412 2 1 2 1722 1764 1763
1413 2 1 2 1723 1765 1724
1414 2 1 2 1723 1764 1765
1415 2 1 2 1724 1725 1766
1416 2 1 2 1724 1766 1765
1417 2 1 2 1725 1767 1726
1418 2 1 2 1725 1766 1767
1419 2 1 2 1726 1727 1768
1420 2 1 2 1726 1768 1767
1421 2 1 2 1727 1769 1728
1422 2 1 2 1727 1768 1769
1423 2 1 2 1728 1729 1770
1424 2 1 2 1728 1770 1769
1425 2 1 2 1729 1771 1730
1426 2 1 2 1729 1770 1771
1427 2 1 2 1730 1731 1772
1428 2 1 2 1730 1772 1771
1429 2 1 2 1731 1773 1732
1430 2 1 2 1731 1772 1773
1431 2 1 2 1732 1733 1774
1432 2 1 2 1732 1774 1773
1433 2 1 2 1733 1775 1734
1434 2 1 2 1733 1774 1775
1435 2 1 2 1734 1735 1776
1436 2 1 2 1734 1776 1775
1437 2 1 2 1735 1777 1736
1438 2 1 2 1735 1776 1777
1439 2 1 2 1736 1737 1778
1440 2 1 2 1736 1778 1777
1441 2 1 1 1738 1739 1780
1442 2 1 1 1738 1780 1779
1443 2 1 1 1739 1781 1740
1444 2 1 1 1739 1780 1781
1445 2 1 1 1740 1741 1782
1446 2 1 1 1740 1782 1781
1447 2 1 1 1741 1783 1742
1448 2 1 1 1741 1782 1783
1449 2 1 1 1742 1743 1784
1450 2 1 1 1742 1784 1783
1451 2 1 1 1743 1785 1744
1452 2 1 1 1743 1784 1785
1453 2 1 1 1744 1745 1786
1454 2 1 1 1744 1786 1785
1455 2 1 1 1745 1787 1746
1456 2 1 1 1745 1786 1787
1457 2 1 1 1746 1747 1788
1458 2 1 1 1746 1788 1787
1459 2 1 1 1747 1789 1748
1460 2 1 1 1747 1788 1789
1461 2 1 1 1748 1749 1790
1462 2 1 1 1748 1790 1789
1463 2 1 1 1749 1791 1750
1464 2 1 1 1749 1790 1791
1465 2 1 1 1750 1751 1792
1466 2 1 1 1750 1792 1791
1467 2 1 1 1751 1793 1752
1468 2 1 1 1751 1792 1793
1469 2 1 1 1752 1753 1794
1470 2 1 1 1752 1794 1793
1471 2 1 1 1753 1795 1754
1472 2 1 1 1753 1794 1795
1473 2 1 1 1754 1755 1796
1474 2 1 1 1754 1796 1795
1475 2 1 1 1755 1797 1756
1476 2 1 1 1755 1796 1797
1477 2 1 1 1756 1757 1798
1478 2 1 1 1756 1798 1797
1479 2 1 1 1757 1799 1758
1480 2 1 1 1757 1798 1799
1481 2 1 2 1758 1759 1800
1482 2 1 2 1758 1800 1799
1483 2 1 2 1759 1801 1760
1484 2 1 2 1759 1800 1801
1485 2 1 2 1760 1761 1802
1486 2 1 2 1760 1802 1801
1487 2 1 2 1761 1803 1762
1488 2 1 2 1761 1802 1803
1489 2 1 2 1762 1763 1804
1490 2 1 2 1762 1804 1803
1491 2 1 2 1763 1805 1764
1492 2 1 2 1763 1804 1805
1493 2 1 2 1764 1765 1806
1494 2 1 2 1764 1806 1805
1495 2 1 2 1765 1807 1766
1496 2 1 2 1765 1806 1807
1497 2 1 2 1766 1767 1808
1498 2 1 2 1766 1808 1807
1499 2 1 2 1767 1809 1768
1500 2 1 2 1767 1808 1809
1501 2 1 2 1768 1769 1810
1502 2 1 2 1768 1810 1809
1503 2 1 2 1769 1811 1770
1504 2 1 2 1769 1810 1811
1505 2 1 2 1770 1771 1812
1506 2 1 2 1770 1812 1811
1507 2 1 2 1771 1813 1772
1508 2 1 2 1771 1812 1813
1509 2 1 2 1772 1773 1814
1510 2 1 2 1772 1814 1813
1511 2 1 2 1773 1815 1774
1512 2 1 2 1773 1814 1815
1513 2 1 2 1774 1775 1816
1514 2 1 2 1774 1816 1815
1515 2 1 2 1775 1817 1776
1516 2 1 2 1775 1816 1817
1517 2 1 2 1776 1777 1818
1518 2 1 2 1776 1818 1817
1519 2 1 2 1777 1819 1778
1520 2 1 2 1777 1818 1819
1521 2 1 1 1779 1821 1780
1522 2 1 1 1779 1820 1821
1523 2 1 1 1780 1781 1822
1524 2 1 1 1780 1822 1821
1525 2 1 1 1781 1823 1782
1526 2 1 1 1781 1822 1823
1527 2 1 1 1782 1783 1824
1528 2 1 1 1782 1824 1823
1529 2 1 1 1783 1825 1784
1530 2 1 1 1783 1824 1825
1531 2 1 1 1784 1785 1826
1532 2 1 1 1784 1826 1825
1533 2 1 1 1785 1827 1786
1534 2 1 1 1785 1826 1827
1535 2 1 1 1786 1787 1828
1536 2 1 1 1786 1828 1827
1537 2 1 1 1787 1829 1788
1538 2 1 1 1787 1828 1829
1539 2 1 1 1788 1789 1830
1540 2 1 1 1788 1830 1829
1541 2 1 1 1789 1831 1790
1542 2 1 1 1789 1830 1831
1543 2 1 1 1790 1791 1832
1544 2 1 1 1790 1832 1831
1545 2 1 1 1791 1833 1792
1546 2 1 1 1791 1832 1833
1547 2 1 1 1792 1793 1834
1548 2 1 1 1792 1834 1833
1549 2 1 1 1793 1835 1794
1550 2 1 1 1793 1834 1835
1551 2 1 1 1794 1795 1836
1552 2 1 1 1794 1836 1835
1553 2 1 1 1795 1837 1796
1554 2 1 1 1795 1836 1837
1555 2 1 1 1796 1797 1838
1556 2 1 1 1796 1838 1837
1557 2 1 1 1797 1839 1798
1558 2 1 1 1797 1838 1839
1559 2 1 1 1798 1799 1840
1560 2 1 1 1798 1840 1839
1561 2 1 2 1799 1841 1800
1562 2 1 2 1799 1840 1841
1563 2 1 2 1800 1801 1842
1564 2 1 2 1800 1842 1841
1565 2 1 2 1801 1843 1802
1566 2 1 2 1801 1842 1843
1567 2 1 2 1802 1803 1844
1568 2 1 2 1802 1844 1843
1569 2 1 2 1803 1845 1804
1570 2 1 2 1803 1844 1845
1571 2 1 2 1804 1805 1846
1572 2 1 2 1804 1846 1845
1573 2 1 2 1805 1847 1806
1574 2 1 2 1805 1846 1847
1575 2 1 2 1806 1807 1848
1576 2 1 2 1806 1848 1847
1577 2 1 2 1807 1849 1808
1578 2 1 2 1807 1848 1849
1579 2 1 2 1808 1809 1850
1580 2 1 2 1808 1850 1849
1581 2 1 2 1809 1851 1810
1582 2 1 2 1809 1850 1851
1583 2 1 2 1810 1811 1852
1584 2 1 2 1810 1852 1851
1585 2 1 2 1811 1853 1812
1586 2 1 2 1811 1852 1853
1587 2 1 2 1812 1813 1854
1588 2 1 2 1812 1854 1853
1589 2 1 2 1813 1855 1814
1590 2 1 2 1813 1854 1855
1591 2 1 2 1814 1815 1856
1592 2 1 2 1814 1856 1855
1593 2 1 2 1815 1857 1816
1594 2 1 2 1815 1856 1857
1595 2 1 2 1816 1817 1858
1596 2 1 2 1816 1858 1857
1597 2 1 2 1817 1859 1818
1598 2 1 2 1817 1858 1859
1599 2 1 2 1818 1819 1860
1600 2 1 2 1818 1860 1859
1601 2 1 1 1820 1821 1862
1602 2 1 1 1820 1862 1861
1603 2 1 1 1821 1863 1822
1604 2 1 1 1821 1862 1863
1605 2 1 1 1822 1823 1864
1606 2 1 1 1822 1864 1863
1607 2 1 1 1823 1865 1824
1608 2 1 1 1823 1864 1865
1609 2 1 1 1824 1825 1866
1610 2 1 1 1824 1866 1865
1611 2 1 1 1825 1867 1826
1612 2 1 1 1825 1866 1867
1613 2 1 1 1826 1827 1868
1614 2 1 1 1826 1868 1867
1615 2 1 1 1827 1869 1828
1616 2 1 1 1827 1868 1869
1617 2 1 1 1828 1829 1870
1618 2 1 1 1828 1870 1869
1619 2 1 1 1829 1871 1830
1620 2 1 1 1829 1870 1871
1621 2 1 1 1830 1831 1872
1622 2 1 1 1830 1872 1871
1623 2 1 1 1831 1873 1832
1624 2 1 1 1831 1872 1873
1625 2 1 1 1832 1833 1874
1626 2 1 1 1832 1874 1873
1627 2 1 1 1833 1875 1834
1628 2 1 1 1833 1874 1875
1629 2 1 1 1834 1835 1876
1630 2 1 1 1834 1876 1875
1631 2 1 1 1835 1877 1836
1632 2 1 1 1835 1876 1877
1633 2 1 1 1836 1837 1878
1634 2 1 1 1836 1878 1877
1635 2 1 1 1837 1879 1838
1636 2 1 1 1837 1878 1879
1637 2 1 1 1838 1839 1880
1638 2 1 1 1838 1880 1879
1639 2 1 1 1839 1881 1840
1640 2 1 1 1839 1880 1881
1641 2 1 2 1840 1841 1882
1642 2 1 2 1840 1882 1881
1643 2 1 2 1841 1883 1842
1644 2 1 2 1841 1882 1883
1645 2 1 2 1842 1843 1884
1646 2 1 2 1842 1884 1883
1647 2 1 2 1843 1885 1844
1648 2 1 2 1843 1884 1885
1649 2 1 2 1844 1845 1886
1650 2 1 2 1844 1886 1885
1651 2 1 2 1845 1887 1846
1652 2 1 2 1845 1886 1887
1653 2 1 2 1846 1847 1888
1654 2 1 2 1846 1888 1887
1655 2 1 2 1847 1889 1848
1656 2 1 2 1847 1888 1889
1657 2 1 2 1848 1849 1890
1658 2 1 2 1848 1890 1889
1659 2 1 2 1849 1891 1850
1660 2 1 2 1849 1890 1891
1661 2 1 2 1850 1851 1892
1662 2 1 2 1850 1892 1891
1663 2 1 2 1851 1893 1852
1664 2 1 2 1851 1892 1893
1665 2 1 2 1852 1853 1894
1666 2 1 2 1852 1894 1893
1667 2 1 2 1853 1895 1854
1668 2 1 2 1853 1894 1895
1669 2 1 2 1854 1855 1896
1670 2 1 2 1854 1896 1895
1671 2 1 2 1855 1897 1856
1672 2 1 2 1855 1896 1897
1673 2 1 2 1856 1857 1898
1674 2 1 2 1856 1898 1897
1675 2 1 2 1857 1899 1858
1676 2 1 2 1857 1898 1899
1677 2 1 2 1858 1859 1900
1678 2 1 2 1858 1900 1899
1679 2 1 2 1859 1901 1860
1680 2 1 2 1859 1900 1901
1681 2 1 1 1861 1903 1862
1682 2 1 1 1861 1902 1903
1683 2 1 1 1862 1863 1904
1684 2 1 1 1862 1904 1903
1685 2 1 1 1863 1905 1864
1686 2 1 1 1863 1904 1905
1687 2 1 1 1864 1865 1906
1688 2 1 1 1864 1906 1905
1689 2 1 1 1865 1907 1866
1690 2 1 1 1865 1906 1907
1691 2 1 1 1866 1867 1908
1692 2 1 1 1866 1908 1907
1693 2 1 1 1867 1909 1868
1694 2 1 1 1867 1908 1909
1695 2 1 1 1868 1869 1910
1696 2 1 1 1868 1910 1909
1697 2 1 1 1869 1911 1870
1698 2 1 1 1869 1910 1911
1699 2 1 1 1870 1871 1912
1700 2 1 1 1870 1912 1911
1701 2 1 1 1871 1913 1872
1702 2 1 1 1871 1912 1913
1703 2 1 1 1872 1873 1914
1704 2 1 1 1872 1914 1913
1705 2 1 1 1873 1915 1874
1706 2 1 1 1873 1914 1915
1707 2 1 1 1874 1875 1916
1708 2 1 1 1874 1916 1915
1709 2 1 1 1875 1917 1876
1710 2 1 1 1875 1916 1917
1711 2 1 1 1876 1877 1918
1712 2 1 1 1876 1918 1917
1713 2 1 1 1877 1919 1878
1714 2 1 1 1877 1918 1919
1715 2 1 1 1878 1879 1920
1716 2 1 1 1878 1920 1919
1717 2 1 1 1879 1921 1880
1718 2 1 1 1879 1920 1921
1719 2 1 1 1880 1881 1922
1720 2 1 1 1880 1922 1921
1721 2 1 2 1881 1923 1882
1722 2 1 2 1881 1922 1923
1723 2 1 2 1882 1883 1924
1724 2 1 2 1882 1924 1923
1725 2 1 2 1883 1925 1884
1726 2 1 2 1883 1924 1925
1727 2 1 2 1884 1885 1926
1728 2 1 2 1884 1926 1925
1729 2 1 2 1885 1927 1886
1730 2 1 2 1885 1926 1927
1731 2 1 2 1886 1887 1928
1732 2 1 2 1886 1928 1927
1733 2 1 2 1887 1929 1888
1734 2 1 2 1887 1928 1929
1735 2 1 2 1888 1889 1930
1736 2 1 2 1888 1930 1929
1737 2 1 2 1889 1931 1890
1738 2 1 2 1889 1930 1931
1739 2 1 2 1890 1891 1932
1740 2 1 2 1890 1932 1931
1741 2 1 2 1891 1933 1892
1742 2 1 2 1891 1932 1933
1743 2 1 2 1892 1893 1934
1744 2 1 2 1892 1934 1933
1745 2 1 2 1893 1935 1894
1746 2 1 2 1893 1934 1935
1747 2 1 2 1894 1895 1936
1748 2 1 2 1894 1936 1935
1749 2 1 2 1895 1937 1896
1750 2 1 2 1895 1936 1937
1751 2 1 2 1896 1897 1938
1752 2 1 2 1896 1938 1937
1753 2 1 2 1897 1939 1898
1754 2 1 2 1897 1938 1939
1755 2 1 2 1898 1899 1940
1756 2 1 2 1898 1940 1939
1757 2 1 2 1899 1941 1900
1758 2 1 2 1899 1940 1941
1759 2 1 2 1900 1901 1942
1760 2 1 2 1900 1942 1941
1761 2 1 1 1902 1903 1944
1762 2 1 1 1902 1944 1943
1763 2 1 1 1903 1945 1904
1764 2 1 1 1903 1944 1945
1765 2 1 1 1904 1905 1946
1766 2 1 1 1904 1946 1945
1767 2 1 1 1905 1947 1906
1768 2 1 1 1905 1946 1947
1769 2 1 1 1906 1907 1948
1770 2 1 1 1906 1948 1947
1771 2 1 1 1907 1949 1908
1772 2 1 1 1907 1948 1949
1773 2 1 1 1908 1909 1950
1774 2 1 1 1908 1950 1949
1775 2 1 1 1909 1951 1910
1776 2 1 1 1909 1950 1951
1777 2 1 1 1910 1911 1952
1778 2 1 1 1910 1952 1951
1779 2 1 1 1911 1953 1912
1780 2 1 1 1911 1952 1953
1781 2 1 1 1912 1913 1954
1782 2 1 1 1912 1954 1953
1783 2 1 1 1913 1955 1914
1784 2 1 1 1913 1954 1955
1785 2 1 1 1914 1915 1956
1786 2 1 1 1914 1956 1955
1787 2 1 1 1915 1957 1916
1788 2 1 1 1915 1956 1957
1789 2 1 1 1916 1917 1958
1790 2 1 1 1916 1958 1957
1791 2 1 1 1917 1959 1918
1792 2 1 1 1917 1958 1959
1793 2 1 1 1918 1919 1960
1794 2 1 1 1918 1960 1959
1795 2 1 1 1919 1961 1920
1796 2 1 1 1919 1960 1961
1797 2 1 1 1920 1921 1962
1798 2 1 1 1920 1962 1961
1799 2 1 1 1921 1963 1922
1800 2 1 1 1921 1962 1963
1801 2 1 2 1922 1923 1964
1802 2 1 2 1922 1964 1963
1803 2 1 2 1923 1965 1924
1804 2 1 2 1923 1964 1965
1805 2 1 2 1924 1925 1966
1806 2 1 2 1924 1966 1965
1807 2 1 2 1925 1967 1926
1808 2 1 2 1925 1966 1967
1809 2 1 2 1926 1927 1968
1810 2 1 2 1926 1968 1967
1811 2 1 2 1927 1969 1928
1812 2 1 2 1927 1968 1969
1813 2 1 2 1928 1929 1970
1814 2 1 2 1928 1970 1969
1815 2 1 2 1929 1971 1930
1816 2 1 2 1929 1970 1971
1817 2 1 2 1930 1931 1972
1818 2 1 2 1930 1972 1971
1819 2 1 2 1931 1973 1932
1820 2 1 2 1931 1972 1973
1821 2 1 2 1932 1933 1974
1822 2 1 2 1932 1974 1973
1823 2 1 2 1933 1975 1934
1824 2 1 2 1933 1974 1975
1825 2 1 2 1934 1935 1976
1826 2 1 2 1934 1976 1975
1827 2 1 2 1935 1977 1936
1828 2 1 2 1935 1976 1977
1829 2 1 2 1936 1937 1978
1830 2 1 2 1936 1978 1977
1831 2 1 2 1937 1979 1938
1832 2 1 2 1937 1978 1979
1833 2 1 2 1938 1939 1980
1834 2 1 2 1938 1980 1979
1835 2 1 2 1939 1981 1940
1836 2 1 2 1939 1980 1981
1837 2 1 2 1940 1941 1982
1838 2 1 2 1940 1982 1981
1839 2 1 2 1941 1983 1942
1840 2 1 2 1941 1982 1983
1841 2 1 1 1943 1985 1944
1842 2 1 1 1943 1984 1985
1843 2 1 1 1944 1945 1986
1844 2 1 1 1944 1986 1985
1845 2 1 1 1945 1987 1946
1846 2 1 1 1945 1986 1987
1847 2 1 1 1946 1947 1988
1848 2 1 1 1946 1988 1987
1849 2 1 1 1947 1989 1948
1850 2 1 1 1947 1988 1989
1851 2 1 1 1948 1949 1990
1852 2 1 1 1948 1990 1989
1853 2 1 1 1949 1991 1950
1854 2 1 1 1949 1990 1991
1855 2 1 1 1950 1951 1992
1856 2 1 1 1950 1992 1991
1857 2 1 1 1951 1993 1952
1858 2 1 1 1951 1992 1993
1859 2 1 1 1952 1953 1994
1860 2 1 1 1952 1994 1993
1861 2 1 1 1953 1995 1954
1862 2 1 1 1953 1994 1995
1863 2 1 1 1954 1955 1996
1864 2 1 1 1954 1996 1995
1865 2 1 1 1955 1997 1956
1866 2 1 1 1955 1996 1997
1867 2 1 1 1956 1957 1998
1868 2 1 1 1956 1998 1997
1869 2 1 1 1957 1999 1958
1870 2 1 1 1957 1998 1999
1871 2 1 1 1958 1959 2000
1872 2 1 1 1958 2000 1999
1873 2 1 1 1959 2001 1960
1874 2 1 1 1959 2000 2001
1875 2 1 1 1960 1961 2002
1876 2 1 1 1960 2002 2001
1877 2 1 1 1961 2003 1962
1878 2 1 1 1961 2002 2003
1879 2 1 1 1962 1963 2004
1880 2 1 1 1962 2004 2003
1881 2 1 2 1963 2005 1964
1882 2 1 2 1963 2004 2005
1883 2 1 2 1964 1965 2006
1884 2 1 2 1964 2006 2005
1885 2 1 2 1965 2007 1966
1886 2 1 2 1965 2006 2007
1887 2 1 2 1966 1967 2008
1888 2 1 2 1966 2008 2007
1889 2 1 2 1967 2009 1968
1890 2 1 2 1967 2008 2009
1891 2 1 2 1968 1969 2010
1892 2 1 2 1968 2010 2009
1893 2 1 2 1969 2011 1970
1894 2 1 2 1969 2010 2011
1895 2 1 2 1970 1971 2012
1896 2 1 2 1970 2012 2011
1897 2 1 2 1971 2013 1972
1898 2 1 2 1971 2012 2013
1899 2 1 2 1972 1973 2014
1900 2 1 2 1972 2014 2013
1901 2 1 2 1973 2015 1974
1902 2 1 2 1973 2014 2015
1903 2 1 2 1974 1975 2016
1904 2 1 2 1974 2016 2015
1905 2 1 2 1975 2017 1976
1906 2 1 2 1975 2016 2017
1907 2 1 2 1976 1977 2018
1908 2 1 2 1976 2018 2017
1909 2 1 2 1977 2019 1978
1910 2 1 2 1977 2018 2019
1911 2 1 2 1978 1979 2020
1912 2 1 2 1978 2020 2019
1913 2 1 2 1979 2021 1980
1914 2 1 2 1979 2020 2021
1915 2 1 2 1980 1981 2022
1916 2 1 2 1980 2022 2021
1917 2 1 2 1981 2023 1982
1918 2 1 2 1981 2022 2023
1919 2 1 2 1982 1983 2024
1920 2 1 2 1982 2024 2023
1921 2 1 1 1984 1985 2026
1922 2 1 1 1984 2026 2025
1923 2 1 1 1985 2027 1986
1924 2 1 1 1985 2026 2027
1925 2 1 1 1986 1987 2028
1926 2 1 1 1986 2028 2027
1927 2 1 1 1987 2029 1988
1928 2 1 1 1987 2028 2029
1929 2 1 1 1988 1989 2030
1930 2 1 1 1988 2030 2029
1931 2 1 1 1989 2031 1990
1932 2 1 1 1989 2030 2031
1933 2 1 1 1990 1991 2032
1934 2 1 1 1990 2032 2031
1935 2 1 1 1991 2033 1992
1936 2 1 1 1991 2032 2033
1937 2 1 1 1992 1993 2034
1938 2 1 1 1992 2034 2033
1939 2 1 1 1993 2035 1994
1940 2 1 1 1993 2034 2035
1941 2 1 1 1994 1995 2036
1942 2 1 1 1994 2036 2035
1943 2 1 1 1995 2037 1996
1944 2 1 1 1995 2036 2037
1945 2 1 1 1996 1997 2038
1946 2 1 1 1996 2038 2037
1947 2 1 1 1997 2039 1998
1948 2 1 1 1997 2038 2039
1949 2 1 1 1998 1999 2040
1950 2 1 1 1998 2040 2039
1951 2 1 1 1999 2041 2000
1952 2 1 1 1999 2040 2041
1953 2 1 1 2000 2001 2042
1954 2 1 1 2000 2042 2041
1955 2 1 1 2001 2043 2002
1956 2 1 1 2001 2042 2043
1957 2 1 1 2002 2003 2044
1958 2 1 1 2002 2044 2043
1959 2 1 1 2003 2045 2004
1960 2 1 1 2003 2044 2045
1961 2 1 2 2004 2005 2046
1962 2 1 2 2004 2046 2045
1963 2 1 2 2005 2047 2006
1964 2 1 2 2005 2046 2047
1965 2 1 2 2006 2007 2048
1966 2 1 2 2006 2048 2047
1967 2 1 2 2007 2049 2008
1968 2 1 2 2007 2048 2049
1969 2 1 2 2008 2009 2050
1970 2 1 2 2008 2050 2049
1971 2 1 2 2009 2051 2010
1972 2 1 2 2009 2050 2051
1973 2 1 2 2010 2011 2052
1974 2 1 2 2010 2052 2051
1975 2 1 2 2011 2053 2012
1976 2 1 2 2011 2052 2053
1977 2 1 2 2012 2013 2054
1978 2 1 2 2012 2054 2053
1979 2 1 2 2013 2055 2014
1980 2 1 2 2013 2054 2055
1981 2 1 2 2014 2015 2056
1982 2 1 2 2014 2056 2055
1983 2 1 2 2015 2057 2016
1984 2 1 2 2015 2056 2057
1985 2 1 2 2016 2017 2058
1986 2 1 2 2016 2058 2057
1987 2 1 2 2017 2059 2018
1988 2 1 2 2017 2058 2059
1989 2 1 2 2018 2019 2060
1990 2 1 2 2018 2060 2059
1991 2 1 2 2019 2061 2020
1992 2 1 2 2019 2060 2061
1993 2 1 2 2020 2021 2062
1994 2 1 2 2020 2062 2061
1995 2 1 2 2021 2063 2022
1996 2 1 2 2021 2062 2063
1997 2 1 2 2022 2023 2064
1998 2 1 2 2022 2064 2063
1999 2 1 2 2023 2065 2024
2000 2 1 2 2023 2064 2065
2001 2 1 1 2025 2067 2026
2002 2 1 1 2025 2066 2067
2003 2 1 1 2026 2027 2068
2004 2 1 1 2026 2068 2067
2005 2 1 1 2027 2069 2028
2006 2 1 1 2027 2068 2069
2007 2 1 1 2028 2029 2070
2008 2 1 1 2028 2070 2069
2009 2 1 1 2029 2071 2030
2010 2 1 1 2029 2070 2071
2011 2 1 1 2030 2031 2072
2012 2 1 1 2030 2072 2071
2013 2 1 1 2031 2073 2032
2014 2 1 1 2031 2072 2073
2015 2 1 1 2032 2033 2074
2016 2 1 1 2032 2074 2073
2017 2 1 1 2033 2075 2034
2018 2 1 1 2033 2074 2075
2019 2 1 1 2034 2035 2076
2020 2 1 1 2034 2076 2075
2021 2 1 1 2035 2077 2036
2022 2 1 1 2035 2076 2077
2023 2 1 1 2036 2037 2078
2024 2 1 1 2036 2078 2077
2025 2 1 1 2037 2079 2038
2026 2 1 1 2037 2078 2079
2027 2 1 1 2038 2039 2080
2028 2 1 1 2038 2080 2079
2029 2 1 1 2039 2081 2040
2030 2 1 1 2039 2080 2081
2031 2 1 1 2040 2041 2082
2032 2 1 1 2040 2082 2081
2033 2 1 1 2041 2083 2042
2034 2 1 1 2041 2082 2083
2035 2 1 1 2042 2043 2084
2036 2 1 1 2042 2084 2083
2037 2 1 1 2043 2085 2044
2038 2 1 1 2043 2084 2085
2039 2 1 1 2044 2045 2086
2040 2 1 1 2044 2086 2085
2041 2 1 2 2045 2087 2046
2042 2 1 2 2045 2086 2087
2043 2 1 2 2046 2047 2088
2044 2 1 2 2046 2088 2087
2045 2 1 2 2047 2089 2048
2046 2 1 2 2047 2088 2089
2047 2 1 2 2048 2049 2090
2048 2 1 2 2048 2090 2089
2049 2 1 2 2049 2091 2050
2050 2 1 2 2049 2090 2091
2051 2 1 2 2050 2051 2092
2052 2 1 2 2050 2092 2091
2053 2 1 2 2051 2093 2052
2054 2 1 2 2051 2092 2093
2055 2 1 2 2052 2053 2094
2056 2 1 2 2052 2094 2093
2057 2 1 2 2053 2095 2054
2058 2 1 2 2053 2094 2095
2059 2 1 2 2054 2055 2096
2060 2 1 2 2054 2096 2095
2061 2 1 2 2055 2097 2056
2062 2 1 2 2055 2096 2097
2063 2 1 2 2056 2057 2098
2064 2 1 2 2056 2098 2097
2065 2 1 2 2057 2099 2058
2066 2 1 2 2057 2098 2099
2067 2 1 2 2058 2059 2100
2068 2 1 2 2058 2100 2099
2069 2 1 2 2059 2101 2060
2070 2 1 2 2059 2100 2101
2071 2 1 2 2060 2061 2102
2072 2 1 2 2060 2102 2101
2073 2 1 2 2061 2103 2062
2074 2 1 2 2061 2102 2103
2075 2 1 2 2062 2063 2104
2076 2 1 2 2062 2104 2103
2077 2 1 2 2063 2105 2064
2078 2 1 2 2063 2104 2105
2079 2 1 2 2064 2065 2106
2080 2 1 2 2064 2106 2105
2081 2 1 1 2066 2067 2108
2082 2 1 1 2066 2108 2107
2083 2 1 1 2067 2109 2068
2084 2 1 1 2067 2108 2109
2085 2 1 1 2068 2069 2110
2086 2 1 1 2068 2110 2109
2087 2 1 1 2069 2111 2070
2088 2 1 1 2069 2110 2111
2089 2 1 1 2070 2071 2112
2090 2 1 1 2070 2112 2111
2091 2 1 1 2071 2113 2072
2092 2 1 1 2071 2112 2113
2093 2 1 1 2072 2073 2114
2094 2 1 1 2072 2114 2113
2095 2 1 1 2073 2115 2074
2096 2 1 1 2073 2114 2115
2097 2 1 1 2074 2075 2116
2098 2 1 1 2074 2116 2115
2099 2 1 1 2075 2117 2076
2100 2 1 1 2075 2116 2117
2101 2 1 1 2076 2077 2118
2102 2 1 1 2076 2118 2117
2103 2 1 1 2077 2119 2078
2104 2 1 1 2077 2118 2119
2105 2 1 1 2078 2079 2120
2106 2 1 1 2078 2120 2119
2107 2 1 1 2079 2121 2080
2108 2 1 1 2079 2120 2121
2109 2 1 1 2080 2081 2122
2110 2 1 1 2080 2122 2121
2111 2 1 1 2081 2123 2082
2112 2 1 1 2081 2122 2123
2113 2 1 1 2082 2083 2124
2114 2 1 1 2082 2124 2123
2115 2 1 1 2083 2125 2084
2116 2 1 1 2083 2124 2125
2117 2 1 1 2084 2085 2126
2118 2 1 1 2084 2126 2125
2119 2 1 1 2085 2127 2086
2120 2 1 1 2085 2126 2127
2121 2 1 2 2086 2087 2128
2122 2 1 2 2086 2128 2127
2123 2 1 2 2087 2129 2088
2124 2 1 2 2087 2128 2129
2125 2 1 2 2088 2089 2130
2126 2 1 2 2088 2130 2129
2127 2 1 2 2089 2131 2090
2128 2 1 2 2089 2130 2131
2129 2 1 2 2090 2091 2132
2130 2 1 2 2090 2132 2131
2131 2 1 2 2091 2133 2092
2132 2 1 2 2091 2132 2133
2133 2 1 2 2092 2093 2134
2134 2 1 2 2092 2134 2133
2135 2 1 2 2093 2135 2094
2136 2 1 2 2093 2134 2135
2137 2 1 2 2094 2095 2136
2138 2 1 2 2094 2136 2135
2139 2 1 2 2095 2137 2096
2140 2 1 2 2095 2136 2137
2141 2 1 2 2096 2097 2138
2142 2 1 2 2096 2138 2137
2143 2 1 2 2097 2139 2098
2144 2 1 2 2097 2138 2139
2145 2 1 2 2098 2099 2140
2146 2 1 2 2098 2140 2139
2147 2 1 2 2099 2141 2100
2148 2 1 2 2099 2140 2141
2149 2 1 2 2100 2101 2142
2150 2 1 2 2100 2142 2141
2151 2 1 2 2101 2143 2102
2152 2 1 2 2101 2142 2143
2153 2 1 2 2102 2103 2144
2154 2 1 2 2102 2144 2143
2155 2 1 2 2103 2145 2104
2156 2 1 2 2103 2144 2145
2157 2 1 2 2104 2105 2146
2158 2 1 2 2104 2146 2145
2159 2 1 2 2105 2147 2106
2160 2 1 2 2105 2146 2147
2161 2 1 1 2107 2149 2108
2162 2 1 1 2107 2148 2149
2163 2 1 1 2108 2109 2150
2164 2 1 1 2108 2150 2149
2165 2 1 1 2109 2151 2110
2166 2 1 1 2109 2150 2151
2167 2 1 1 2110 2111 2152
2168 2 1 1 2110 2152 2151
2169 2 1 1 2111 2153 2112
2170 2 1 1 2111 2152 2153
2171 2 1 1 2112 2113 2154
2172 2 1 1 2112 2154 2153
2173 2 1 1 2113 2155 2114
2174 2 1 1 2113 2154 2155
2175 2 1 1 2114 2115 2156
2176 2 1 1 2114 2156 2155
2177 2 1 1 2115 2157 2116
2178 2 1 1 2115 2156 2157
2179 2 1 1 2116 2117 2158
2180 2 1 1 2116 2158 2157
2181 2 1 1 2117 2159 2118
2182 2 1 1 2117 2158 2159
2183 2 1 1 2118 2119 2160
2184 2 1 1 2118 2160 2159
2185 2 1 1 2119 2161 2120
2186 2 1 1 2119 2160 2161
2187 2 1 1 2120 2121 2162
2188 2 1 1 2120 2162 2161
2189 2 1 1 2121 2163 2122
2190 2 1 1 2121 2162 2163
2191 2 1 1 2122 2123 2164
2192 2 1 1 2122 2164 2163
2193 2 1 1 2123 2165 2124
2194 2 1 1 2123 2164 2165
2195 2 1 1 2124 2125 2166
2196 2 1 1 2124 2166 2165
2197 2 1 1 2125 2167 2126
2198 2 1 1 2125 2166 2167
2199 2 1 1 2126 2127 2168
2200 2 1 1 2126 2168 2167
2201 2 1 2 2127 2169 2128
2202 2 1 2 2127 2168 2169
2203 2 1 2 2128 2129 2170
2204 2 1 2 2128 2170 2169
2205 2 1 2 2129 2171 2130
2206 2 1 2 2129 2170 2171
2207 2 1 2 2130 2131 2172
2208 2 1 2 2130 2172 2171
2209 2 1 2 2131 2173 2132
2210 2 1 2 2131 2172 2173
2211 2 1 2 2132 2133 2174
2212 2 1 2 2132 2174 2173
2213 2 1 2 2133 2175 2134
2214 2 1 2 2133 2174 2175
2215 2 1 2 2134 2135 2176
2216 2 1 2 2134 2176 2175
2217 2 1 2 2135 2177 2136
2218 2 1 2 2135 2176 2177
2219 2 1 2 2136 2137 2178
2220 2 1 2 2136 2178 2177
2221 2 1 2 2137 2179 2138
2222 2 1 2 2137 2178 2179
2223 2 1 2 2138 2139 2180
2224 2 1 2 2138 2180 2179
2225 2 1 2 2139 2181 2140
2226 2 1 2 2139 2180 2181
2227 2 1 2 2140 2141 2182
2228 2 1 2 2140 2182 2181
2229 2 1 2 2141 2183 2142
2230 2 1 2 2141 2182 2183
2231 2 1 2 2142 2143 2184
2232 2 1 2 2142 2184 2183
2233 2 1 2 2143 2185 2144
2234 2 1 2 2143 2184 2185
2235 2 1 2 2144 2145 2186
2236 2 1 2 2144 2186 2185
2237 2 1 2 2145 2187 2146
2238 2 1 2 2145 2186 2187
2239 2 1 2 2146 2147 2188
2240 2 1 2 2146 2188 2187
2241 2 1 1 2148 2149 2190
2242 2 1 1 2148 2190 2189
2243 2 1 1 2149 2191 2150
2244 2 1 1 2149 2190 2191
2245 2 1 1 2150 2151 2192
2246 2 1 1 2150 2192 2191
2247 2 1 1 2151 2193 2152
2248 2 1 1 2151 2192 2193
2249 2 1 1 2152 2153 2194
2250 2 1 1 2152 2194 2193
2251 2 1 1 2153 2195 2154
2252 2 1 1 2153 2194 2195
2253 2 1 1 2154 2155 2196
2254 2 1 1 2154 2196 2195
2255 2 1 1 2155 2197 2156
2256 2 1 1 2155 2196 2197
2257 2 1 1 2156 2157 2198
2258 2 1 1 2156 2198 2197
2259 2 1 1 2157 2199 2158
2260 2 1 1 2157 2198 2199
2261 2 1 1 2158 2159 2200
2262 2 1 1 2158 2200 2199
2263 2 1 1 2159 2201 2160
2264 2 1 1 2159 2200 2201
2265 2 1 1 2160 2161 2202
2266 2 1 1 2160 2202 2201
2267 2 1 1 2161 2203 2162
2268 2 1 1 2161 2202 2203
2269 2 1 1 2162 2163 2204
2270 2 1 1 2162 2204 2203
2271 2 1 1 2163 2205 2164
2272 2 1 1 2163 2204 2205
2273 2 1 1 2164 2165 2206
2274 2 1 1 2164 2206 2205
2275 2 1 1 2165 2207 2166
2276 2 1 1 2165 2206 2207
2277 2 1 1 2166 2167 2208
2278 2 1 1 2166 2208 2207
2279 2 1 1 2167 2209 2168
2280 2 1 1 2167 2208 2209
2281 2 1 2 2168 2169 2210
2282 2 1 2 2168 2210 2209
2283 2 1 2 2169 2211 2170
2284 2 1 2 2169 2210 2211
2285 2 1 2 2170 2171 2212
2286 2 1 2 2170 2212 2211
2287 2 1 2 2171 2213 2172
2288 2 1 2 2171 2212 2213
2289 2 1 2 2172 2173 2214
2290 2 1 2 2172 2214 2213
2291 2 1 2 2173 2215 2174
2292 2 1 2 2173 2214 2215
2293 2 1 2 2174 2175 2216
2294 2 1 2 2174 2216 2215
2295 2 1 2 2175 2217 2176
2296 2 1 2 2175 2216 2217
2297 2 1 2 2176 2177 2218
2298 2 1 2 2176 2218 2217
2299 2 1 2 2177 2219 2178
2300 2 1 2 2177 2218 2219
2301 2 1 2 2178 2179 2220
2302 2 1 2 2178 2220 2219
2303 2 1 2 2179 2221 2180
2304 2 1 2 2179 2220 2221
2305 2 1 2 2180 2181 2222
2306 2 1 2 2180 2222 2221
2307 2 1 2 2181 2223 2182
2308 2 1 2 2181 2222 2223
2309 2 1 2 2182 2183 2224
2310 2 1 2 2182 2224 2223
2311 2 1 2 2183 2225 2184
2312 2 1 2 2183 2224 2225
2313 2 1 2 2184 2185 2226
2314 2 1 2 2184 2226 2225
2315 2 1 2 2185 2227 2186
2316 2 1 2 2185 2226 2227
2317 2 1 2 2186 2187 2228
2318 2 1 2 2186 2228 2227
2319 2 1 2 2187 2229 2188
2320 2 1 2 2187 2228 2229
2321 2 1 1 2189 2231 2190
2322 2 1 1 2189 2230 2231
2323 2 1 1 2190 2191 2232
2324 2 1 1 2190 2232 2231
2325 2 1 1 2191 2233 2192
2326 2 1 1 2191 2232 2233
2327 2 1 1 2192 2193 2234
2328 2 1 1 2192 2234 2233
2329 2 1 1 2193 2235 2194
2330 2 1 1 2193 2234 2235
2331 2 1 1 2194 2195 2236
2332 2 1 1 2194 2236 2235
2333 2 1 1 2195 2237 2196
2334 2 1 1 2195 2236 2237
2335 2 1 1 2196 2197 2238
2336 2 1 1 2196 2238 2237
2337 2 1 1 2197 2239 2198
2338 2 1 1 2197 2238 2239
2339 2 1 1 2198 2199 2240
2340 2 1 1 2198 2240 2239
2341 2 1 1 2199 2241 2200
2342 2 1 1 2199 2240 2241
2343 2 1 1 2200 2201 2242
2344 2 1 1 2200 2242 2241
2345 2 1 1 2201 2243 2202
2346 2 1 1 2201 2242 2243
2347 2 1 1 2202 2203 2244
2348 2 1 1 2202 2244 2243
2349 2 1 1 2203 2245 2204
2350 2 1 1 2203 2244 2245
2351 2 1 1 2204 2205 2246
2352 2 1 1 2204 2246 2245
2353 2 1 1 2205 2247 2206
2354 2 1 1 2205 2246 2247
2355 2 1 1 2206 2207 2248
2356 2 1 1 2206 2248 2247
2357 2 1 1 2207 2249 2208
2358 2 1 1 2207 2248 2249
2359 2 1 1 2208 2209 2250
2360 2 1 1 2208 2250 2249
2361 2 1 2 2209 2251 2210
2362 2 1 2 2209 2250 2251
2363 2 1 2 2210 2211 2252
2364 2 1 2 2210 2252 2251
2365 2 1 2 2211 2253 2212
2366 2 1 2 2211 2252 2253
2367 2 1 2 2212 2213 2254
2368 2 1 2 2212 2254 2253
2369 2 1 2 2213 2255 2214
2370 2 1 2 2213 2254 2255
2371 2 1 2 2214 2215 2256
2372 2 1 2 2214 2256 2255
2373 2 1 2 2215 2257 2216
2374 2 1 2 2215 2256 2257
2375 2 1 2 2216 2217 2258
2376 2 1 2 2216 2258 2257
2377 2 1 2 2217 2259 2218
2378 2 1 2 2217 2258 2259
2379 2 1 2 2218 2219 2260
2380 2 1 2 2218 2260 2259
2381 2 1 2 2219 2261 2220
2382 2 1 2 2219 2260 2261
2383 2 1 2 2220 2221 2262
2384 2 1 2 2220 2262 2261
2385 2 1 2 2221 2263 2222
2386 2 1 2 2221 2262 2263
2387 2 1 2 2222 2223 2264
2388 2 1 2 2222 2264 2263
2389 2 1 2 2223 2265 2224
2390 2 1 2 2223 2264 2265
2391 2 1 2 2224 2225 2266
2392 2 1 2 2224 2266 2265
2393 2 1 2 2225 2267 2226
2394 2 1 2 2225 2266 2267
2395 2 1 2 2226 2227 2268
2396 2 1 2 2226 2268 2267
2397 2 1 2 2227 2269 2228
2398 2 1 2 2227 2268 2269
2399 2 1 2 2228 2229 2270
2400 2 1 2 2228 2270 2269
2401 2 1 1 2230 2231 2272
2402 2 1 1 2230 2272 2271
2403 2 1 1 2231 2273 2232
2404 2 1 1 2231 2272 2273
2405 2 1 1 2232 2233 2274
2406 2 1 1 2232 2274 2273
2407 2 1 1 2233 2275 2234
2408 2 1 1 2233 2274 2275
2409 2 1 1 2234 2235 2276
2410 2 1 1 2234 2276 2275
2411 2 1 1 2235 2277 2236
2412 2 1 1 2235 2276 2277
2413 2 1 1 2236 2237 2278
2414 2 1 1 2236 2278 2277
2415 2 1 1 2237 2279 2238
2416 2 1 1 2237 2278 2279
2417 2 1 1 2238 2239 2280
2418 2 1 1 2238 2280 2279
2419 2 1 1 2239 2281 2240
2420 2 1 1 2239 2280 2281
2421 2 1 1 2240 2241 2282
2422 2 1 1 2240 2282 2281
2423 2 1 1 2241 2283 2242
2424 2 1 1 2241 2282 2283
2425 2 1 1 2242 2243 2284
2426 2 1 1 2242 2284 2283
2427 2 1 1 2243 2285 2244
2428 2 1 1 2243 2284 2285
2429 2 1 1 2244 2245 2286
2430 2 1 1 2244 2286 2285
2431 2 1 1 2245 2287 2246
2432 2 1 1 2245 2286 2287
2433 2 1 1 2246 2247 2288
2434 2 1 1 2246 2288 2287
2435 2 1 1 2247 2289 2248
2436 2 1 1 2247 2288 2289
2437 2 1 1 2248 2249 2290
2438 2 1 1 2248 2290 2289
2439 2 1 1 2249 2291 2250
2440 2 1 1 2249 2290 2291
2441 2 1 2 2250 2251 2292
2442 2 1 2 2250 2292 2291
2443 2 1 2 2251 2293 2252
2444 2 1 2 2251 2292 2293
2445 2 1 2 2252 2253 2294
2446 2 1 2 2252 2294 2293
2447 2 1 2 2253 2295 2254
2448 2 1 2 2253 2294 2295
2449 2 1 2 2254 2255 2296
2450 2 1 2 2254 2296 2295
2451 2 1 2 2255 2297 2256
2452 2 1 2 2255 2296 2297
2453 2 1 2 2256 2257 2298
2454 2 1 2 2256 2298 2297
2455 2 1 2 2257 2299 2258
2456 2 1 2 2257 2298 2299
2457 2 1 2 2258 2259 2300
2458 2 1 2 2258 2300 2299
2459 2 1 2 2259 2301 2260
2460 2 1 2 2259 2300 2301
2461 2 1 2 2260 2261 2302
2462 2 1 2 2260 2302 2301
2463 2 1 2 2261 2303 2262
2464 2 1 2 2261 2302 2303
2465 2 1 2 2262 2263 2304
2466 2 1 2 2262 2304 2303
2467 2 1 2 2263 2305 2264
2468 2 1 2 2263 2304 2305
2469 2 1 2 2264 2265 2306
2470 2 1 2 2264 2306 2305
2471 2 1 2 2265 2307 2266
2472 2 1 2 2265 2306 2307
2473 2 1 2 2266 2267 2308
2474 2 1 2 2266 2308 2307
2475 2 1 2 2267 2309 2268
2476 2 1 2 2267 2308 2309
2477 2 1 2 2268 2269 2310
2478 2 1 2 2268 2310 2309
2479 2 1 2 2269 2311 2270
2480 2 1 2 2269 2310 2311
2481 2 1 1 2271 2313 2272
2482 2 1 1 2271 2312 2313
2483 2 1 1 2272 2273 2314
2484 2 1 1 2272 2314 2313
2485 2 1 1 2273 2315 2274
2486 2 1 1 2273 2314 2315
2487 2 1 1 2274 2275 2316
2488 2 1 1 2274 2316 2315
2489 2 1 1 2275 2317 2276
2490 2 1 1 2275 2316 2317
2491 2 1 1 2276 2277 2318
2492 2 1 1 2276 2318 2317
2493 2 1 1 2277 2319 2278
2494 2 1 1 2277 2318 2319
2495 2 1 1 2278 2279 2320
2496 2 1 1 2278 2320 2319
2497 2 1 1 2279 2321 2280
2498 2 1 1 2279 2320 2321
2499 2 1 1 2280 2281 2322
2500 2 1 1 2280 2322 2321
2501 2 1 1 2281 2323 2282
2502 2 1 1 2281 2322 2323
2503 2 1 1 2282 2283 2324
2504 2 1 1 2282 2324 2323
2505 2 1 1 2283 2325 2284
2506 2 1 1 2283 2324 2325
2507 2 1 1 2284 2285 2326
2508 2 1 1 2284 2326 2325
2509 2 1 1 2285 2327 2286
2510 2 1 1 2285 2326 2327
2511 2 1 1 2286 2287 2328
2512 2 1 1 2286 2328 2327
2513 2 1 1 2287 2329 2288
2514 2 1 1 2287 2328 2329
2515 2 1 1 2288 2289 2330
2516 2 1 1 2288 2330 2329
2517 2 1 1 2289 2331 2290
2518 2 1 1 2289 2330 2331
2519 2 1 1 2290 2291 2332
2520 2 1 1 2290 2332 2331
2521 2 1 2 2291 2333 2292
2522 2 1 2 2291 2332 2333
2523 2 1 2 2292 2293 2334
2524 2 1 2 2292 2334 2333
2525 2 1 2 2293 2335 2294
2526 2 1 2 2293 2334 2335
2527 2 1 2 2294 2295 2336
2528 2 1 2 2294 2336 2335
2529 2 1 2 2295 2337 2296
2530 2 1 2 2295 2336 2337
2531 2 1 2 2296 2297 2338
2532 2 1 2 2296 2338 2337
2533 2 1 2 2297 2339 2298
2534 2 1 2 2297 2338 2339
2535 2 1 2 2298 2299 2340
2536 2 1 2 2298 2340 2339
2537 2 1 2 2299 2341 2300
2538 2 1 2 2299 2340 2341
2539 2 1 2 2300 2301 2342
2540 2 1 2 2300 2342 2341
2541 2 1 2 2301 2343 2302
2542 2 1 2 2301 2342 2343
2543 2 1 2 2302 2303 2344
2544 2 1 2 2302 2344 2343
2545 2 1 2 2303 2345 2304
2546 2 1 2 2303 2344 2345
2547 2 1 2 2304 2305 2346
2548 2 1 2 2304 2346 2345
2549 2 1 2 2305 2347 2306
2550 2 1 2 2305 2346 2347
2551 2 1 2 2306 2307 2348
2552 2 1 2 2306 2348 2347
2553 2 1 2 2307 2349 2308
2554 2 1 2 2307 2348 2349
2555 2 1 2 2308 2309 2350
2556 2 1 2 2308 2350 2349
2557 2 1 2 2309 2351 2310
2558 2 1 2 2309 2350 2351
2559 2 1 2 2310 2311 2352
2560 2 1 2 2310 2352 2351
2561 2 1 1 2312 2313 2354
2562 2 1 1 2312 2354 2353
2563 2 1 1 2313 2355 2314
2564 2 1 1 2313 2354 2355
2565 2 1 1 2314 2315 2356
2566 2 1 1 2314 2356 2355
2567 2 1 1 2315 2357 2316
2568 2 1 1 2315 2356 2357
2569 2 1 1 2316 2317 2358
2570 2 1 1 2316 2358 2357
2571 2 1 1 2317 2359 2318
2572 2 1 1 2317 2358 2359
2573 2 1 1 2318 2319 2360
2574 2 1 1 2318 2360 2359
2575 2 1 1 2319 2361 2320
2576 2 1 1 2319 2360 2361
2577 2 1 1 2320 2321 2362
2578 2 1 1 2320 2362 2361
2579 2 1 1 2321 2363 2322
2580 2 1 1 2321 2362 2363
2581 2 1 1 2322 2323 2364
2582 2 1 1 2322 2364 2363
2583 2 1 1 2323 2365 2324
2584 2 1 1 2323 2364 2365
2585 2 1 1 2324 2325 2366
2586 2 1 1 2324 2366 2365
2587 2 1 1 2325 2367 2326
2588 2 1 1 2325 2366 2367
2589 2 1 1 2326 2327 2368
2590 2 1 1 2326 2368 2367
2591 2 1 1 2327 2369 2328
2592 2 1 1 2327 2368 2369
2593 2 1 1 2328 2329 2370
2594 2 1 1 2328 2370 2369
2595 2 1 1 2329 2371 2330
2596 2 1 1 2329 2370 2371
2597 2 1 1 2330 2331 2372
2598 2 1 1 2330 2372 2371
2599 2 1 1 2331 2373 2332
2600 2 1 1 2331 2372 2373
2601 2 1 2 2332 2333 2374
2602 2 1 2 2332 2374 2373
2603 2 1 2 2333 2375 2334
2604 2 1 2 2333 2374 2375
2605 2 1 2 2334 2335 2376
2606 2 1 2 2334 2376 2375
2607 2 1 2 2335 2377 2336
2608 2 1 2 2335 2376 2377
2609 2 1 2 2336 2337 2378
2610 2 1 2 2336 2378 2377
2611 2 1 2 2337 2379 2338
2612 2 1 2 2337 2378 2379
2613 2 1 2 2338 2339 2380
2614 2 1 2 2338 2380 2379
2615 2 1 2 2339 2381 2340
2616 2 1 2 2339 2380 2381
2617 2 1 2 2340 2341 2382
2618 2 1 2 2340 2382 2381
2619 2 1 2 2341 2383 2342
2620 2 1 2 2341 2382 2383
2621 2 1 2 2342 2343 2384
2622 2 1 2 2342 2384 2383
2623 2 1 2 2343 2385 2344
2624 2 1 2 2343 2384 2385
2625 2 1 2 2344 2345 2386
2626 2 1 2 2344 2386 2385
2627 2 1 2 2345 2387 2346
2628 2 1 2 2345 2386 2387
2629 2 1 2 2346 2347 2388
2630 2 1 2 2346 2388 2387
2631 2 1 2 2347 2389 2348
2632 2 1 2 2347 2388 2389
2633 2 1 2 2348 2349 2390
2634 2 1 2 2348 2390 2389
2635 2 1 2 2349 2391 2350
2636 2 1 2 2349 2390 2391
2637 2 1 2 2350 2351 2392
2638 2 1 2 2350 2392 2391
2639 2 1 2 2351 2393 2352
2640 2 1 2 2351 2392 2393
2641 2 1 1 2353 2395 2354
2642 2 1 1 2353 2394 2395
2643 2 1 1 2354 2355 2396
2644 2 1 1 2354 2396 2395
2645 2 1 1 2355 2397 2356
2646 2 1 1 2355 2396 2397
2647 2 1 1 2356 2357 2398
2648 2 1 1 2356 2398 2397
2649 2 1 1 2357 2399 2358
2650 2 1 1 2357 2398 2399
2651 2 1 1 2358 2359 2400
2652 2 1 1 2358 2400 2399
2653 2 1 1 2359 2401 2360
2654 2 1 1 2359 2400 2401
2655 2 1 1 2360 2361 2402
2656 2 1 1 2360 2402 2401
2657 2 1 1 2361 2403 2362
2658 2 1 1 2361 2402 2403
2659 2 1 1 2362 2363 2404
2660 2 1 1 2362 2404 2403
2661 2 1 1 2363 2405 2364
2662 2 1 1 2363 2404 2405
2663 2 1 1 2364 2365 2406
2664 2 1 1 2364 2406 2405
2665 2 1 1 2365 2407 2366
2666 2 1 1 2365 2406 2407
2667 2 1 1 2366 2367 2408
2668 2 1 1 2366 2408 2407
2669 2 1 1 2367 2409 2368
2670 2 1 1 2367 2408 2409
2671 2 1 1 2368 2369 2410
2672 2 1 1 2368 2410 2409
2673 2 1 1 2369 2411 2370
2674 2 1 1 2369 2410 2411
2675 2 1 1 2370 2371 2412
2676 2 1 1 2370 2412 2411
2677 2 1 1 2371 2413 2372
2678 2 1 1 2371 2412 2413
2679 2 1 1 2372 2373 2414
2680 2 1 1 2372 2414 2413
2681 2 1 2 2373 2415 2374
2682 2 1 2 2373 2414 2415
2683 2 1 2 2374 2375 2416
2684 2 1 2 2374 2416 2415
2685 2 1 2 2375 2417 2376
2686 2 1 2 2375 2416 2417
2687 2 1 2 2376 2377 2418
2688 2 1 2 2376 2418 2417
2689 2 1 2 2377 2419 2378
2690 2 1 2 2377 2418 2419
2691 2 1 2 2378 2379 2420
2692 2 1 2 2378 2420 2419
2693 2 1 2 2379 2421 2380
2694 2 1 2 2379 2420 2421
2695 2 1 2 2380 2381 2422
2696 2 1 2 2380 2422 2421
2697 2 1 2 2381 2423 2382
2698 2 1 2 2381 2422 2423
2699 2 1 2 2382 2383 2424
2700 2 1 2 2382 2424 2423
2701 2 1 2 2383 2425 2384
2702 2 1 2 2383 2424 2425
2703 2 1 2 2384 2385 2426
2704 2 1 2 2384 2426 2425
2705 2 1 2 2385 2427 2386
2706 2 1 2 2385 2426 2427
2707 2 1 2 2386 2387 2428
2708 2 1 2 2386 2428 2427
2709 2 1 2 2387 2429 2388
2710 2 1 2 2387 2428 2429
2711 2 1 2 2388 2389 2430
2712 2 1 2 2388 2430 2429
2713 2 1 2 2389 2431 2390
2714 2 1 2 2389 2430 2431
2715 2 1 2 2390 2391 2432
2716 2 1 2 2390 2432 2431
2717 2 1 2 2391 2433 2392
2718 2 1 2 2391 2432 2433
2719 2 1 2 2392 2393 2434
2720 2 1 2 2392 2434 2433
2721 2 1 1 2394 2395 2436
2722 2 1 1 2394 2436 2435
2723 2 1 1 2395 2437 2396
2724 2 1 1 2395 2436 2437
2725 2 1 1 2396 2397 2438
2726 2 1 1 2396 2438 2437
2727 2 1 1 2397 2439 2398
2728 2 1 1 2397 2438 2439
2729 2 1 1 2398 2399 2440
2730 2 1 1 2398 2440 2439
2731 2 1 1 2399 2441 2400
2732 2 1 1 2399 2440 2441
2733 2 1 1 2400 2401 2442
2734 2 1 1 2400 2442 2441
2735 2 1 1 2401 2443 2402
2736 2 1 1 2401 2442 2443
2737 2 1 1 2402 2403 2444
2738 2 1 1 2402 2444 2443
2739 2 1 1 2403 2445 2404
2740 2 1 1 2403 2444 2445
2741 2 1 1 2404 2405 2446
2742 2 1 1 2404 2446 2445
2743 2 1 1 2405 2447 2406
2744 2 1 1 2405 2446 2447
2745 2 1 1 2406 2407 2448
2746 2 1 1 2406 2448 2447
2747 2 1 1 2407 2449 2408
2748 2 1 1 2407 2448 2449
2749 2 1 1 2408 2409 2450
2750 2 1 1 2408 2450 2449
2751 2 1 1 2409 2451 2410
2752 2 1 1 2409 2450 2451
2753 2 1 1 2410 2411 2452
2754 2 1 1 2410 2452 2451
2755 2 1 1 2411 2453 2412
2756 2 1 1 2411 2452 2453
2757 2 1 1 2412 2413 2454
2758 2 1 1 2412 2454 2453
2759 2 1 1 2413 2455 2414
2760 2 1 1 2413 2454 2455
2761 2 1 2 2414 2415 2456
2762 2 1 2 2414 2456 2455
2763 2 1 2 2415 2457 2416
2764 2 1 2 2415 2456 2457
2765 2 1 2 2416 2417 2458
2766 2 1 2 2416 2458 2457
2767 2 1 2 2417 2459 2418
2768 2 1 2 2417 2458 2459
2769 2 1 2 2418 2419 2460
2770 2 1 2 2418 2460 2459
2771 2 1 2 2419 2461 2420
2772 2 1 2 2419 2460 2461
2773 2 1 2 2420 2421 2462
2774 2 1 2 2420 2462 2461
2775 2 1 2 2421 2463 2422
2776 2 1 2 2421 2462 2463
2777 2 1 2 2422 2423 2464
2778 2 1 2 2422 2464 2463
2779 2 1 2 2423 2465 2424
2780 2 1 2 2423 2464 2465
2781 2 1 2 2424 2425 2466
2782 2 1 2 2424 2466 2465
2783 2 1 2 2425 2467 2426
2784 2 1 2 2425 2466 2467
2785 2 1 2 2426 2427 2468
2786 2 1 2 2426 2468 2467
2787 2 1 2 2427 2469 2428
2788 2 1 2 2427 2468 2469
2789 2 1 2 2428 2429 2470
2790 2 1 2 2428 2470 2469
2791 2 1 2 2429 2471 2430
2792 2 1 2 2429 2470 2471
2793 2 1 2 2430 2431 2472
2794 2 1 2 2430 2472 2471
2795 2 1 2 2431 2473 2432
2796 2 1 2 2431 2472 2473
2797 2 1 2 2432 2433 2474
2798 2 1 2 2432 2474 2473
2799 2 1 2 2433 2475 2434
2800 2 1 2 2433 2474 2475
2801 2 1 1 2435 2477 2436
2802 2 1 1 2435 2476 2477
2803 2 1 1 2436 2437 2478
2804 2 1 1 2436 2478 2477
2805 2 1 1 2437 2479 2438
2806 2 1 1 2437 2478 2479
2807 2 1 1 2438 2439 2480
2808 2 1 1 2438 2480 2479
2809 2 1 1 2439 2481 2440
2810 2 1 1 2439 2480 2481
2811 2 1 1 2440 2441 2482
2812 2 1 1 2440 2482 2481
2813 2 1 1 2441 2483 2442
2814 2 1 1 2441 2482 2483
2815 2 1 1 2442 2443 2484
2816 2 1 1 2442 2484 2483
2817 2 1 1 2443 2485 2444
2818 2 1 1 2443 2484 2485
2819 2 1 1 2444 2445 2486
2820 2 1 1 2444 2486 2485
2821 2 1 1 2445 2487 2446
2822 2 1 1 2445 2486 2487
2823 2 1 1 2446 2447 2488
2824 2 1 1 2446 2488 2487
2825 2 1 1 2447 2489 2448
2826 2 1 1 2447 2488 2489
2827 2 1 1 2448 2449 2490
2828 2 1 1 2448 2490 2489
2829 2 1 1 2449 2491 2450
2830 2 1 1 2449 2490 2491
2831 2 1 1 2450 2451 2492
2832 2 1 1 2450 2492 2491
2833 2 1 1 2451 2493 2452
2834 2 1 1 2451 2492 2493
2835 2 1 1 2452 2453 2494
2836 2 1 1 2452 2494 2493
2837 2 1 1 2453 2495 2454
2838 2 1 1 2453 2494 2495
2839 2 1 1 2454 2455 2496
2840 2 1 1 2454 2496 2495
2841 2 1 2 2455 2497 2456
2842 2 1 2 2455 2496 2497
2843 2 1 2 2456 2457 2498
2844 2 1 2 2456 2498 2497
2845 2 1 2 2457 2499 2458
2846 2 1 2 2457 2498 2499
2847 2 1 2 2458 2459 2500
2848 2 1 2 2458 2500 2499
2849 2 1 2 2459 2501 2460
2850 2 1 2 2459 2500 2501
2851 2 1 2 2460 2461 2502
2852 2 1 2 2460 2502 2501
2853 2 1 2 2461 2503 2462
2854 2 1 2 2461 2502 2503
2855 2 1 2 2462 2463 2504
2856 2 1 2 2462 2504 2503
2857 2 1 2 2463 2505 2464
2858 2 1 2 2463 2504 2505
2859 2 1 2 2464 2465 2506
2860 2 1 2 2464 2506 2505
2861 2 1 2 2465 2507 2466
2862 2 1 2 2465 2506 2507
2863 2 1 2 2466 2467 2508
2864 2 1 2 2466 2508 2507
2865 2 1 2 2467 2509 2468
2866 2 1 2 2467 2508 2509
2867 2 1 2 2468 2469 2510
2868 2 1 2 2468 2510 2509
2869 2 1 2 2469 2511 2470
2870 2 1 2 2469 2510 2511
2871 2 1 2 2470 2471 2512
2872 2 1 2 2470 2512 2511
2873 2 1 2 2471 2513 2472
2874 2 1 2 2471 2512 2513
2875 2 1 2 2472 2473 2514
2876 2 1 2 2472 2514 2513
2877 2 1 2 2473 2515 2474
2878 2 1 2 2473 2514 2515
2879 2 1 2 2474 2475 2516
2880 2 1 2 2474 2516 2515
2881 2 1 1 2476 2477 2518
2882 2 1 1 2476 2518 2517
2883 2 1 1 2477 2519 2478
2884 2 1 1 2477 2518 2519
2885 2 1 1 2478 2479 2520
2886 2 1 1 2478 2520 2519
2887 2 1 1 2479 2521 2480
2888 2 1 1 2479 2520 2521
2889 2 1 1 2480 2481 2522
2890 2 1 1 2480 2522 2521
2891 2 1 1 2481 2523 2482
2892 2 1 1 2481 2522 2523
2893 2 1 1 2482 2483 2524
2894 2 1 1 2482 2524 2523
2895 2 1 1 2483 2525 2484
2896 2 1 1 2483 2524 2525
2897 2 1 1 2484 2485 2526
2898 2 1 1 2484 2526 2525
2899 2 1 1 2485 2527 2486
2900 2 1 1 2485 2526 2527
2901 2 1 1 2486 2487 2528
2902 2 1 1 2486 2528 2527
2903 2 1 1 2487 2529 2488
2904 2 1 1 2487 2528 2529
2905 2 1 1 2488 2489 2530
2906 2 1 1 2488 2530 2529
2907 2 1 1 2489 2531 2490
2908 2 1 1 2489 2530 2531
2909 2 1 1 2490 2491 2532
2910 2 1 1 2490 2532 2531
2911 2 1 1 2491 2533 2492
2912 2 1 1 2491 2532 2533
2913 2 1 1 2492 2493 2534
2914 2 1 1 2492 2534 2533
2915 2 1 1 2493 2535 2494
2916 2 1 1 2493 2534 2535
2917 2 1 1 2494 2495 2536
2918 2 1 1 2494 2536 2535
2919 2 1 1 2495 2537 2496
2920 2 1 1 2495 2536 2537
2921 2 1 2 2496 2497 2538
2922 2 1 2 2496 2538 2537
2923 2 1 2 2497 2539 2498
2924 2 1 2 2497 2538 2539
2925 2 1 2 2498 2499 2540
2926 2 1 2 2498 2540 2539
2927 2 1 2 2499 2541 2500
2928 2 1 2 2499 2540 2541
2929 2 1 2 2500 2501 2542
2930 2 1 2 2500 2542 2541
2931 2 1 2 2501 2543 2502
2932 2 1 2 2501 2542 2543
2933 2 1 2 2502 2503 2544
2934 2 1 2 2502 2544 2543
2935 2 1 2 2503 2545 2504
2936 2 1 2 2503 2544 2545
2937 2 1 2 2504 2505 2546
2938 2 1 2 2504 2546 2545
2939 2 1 2 2505 2547 2506
2940 2 1 2 2505 2546 2547
2941 2 1 2 2506 2507 2548
2942 2 1 2 2506 2548 2547
2943 2 1 2 2507 2549 2508
2944 2 1 2 2507 2548 2549
2945 2 1 2 2508 2509 2550
2946 2 1 2 2508 2550 2549
2947 2 1 2 2509 2551 2510
2948 2 1 2 2509 2550 2551
2949 2 1 2 2510 2511 2552
2950 2 1 2 2510 2552 2551
2951 2 1 2 2511 2553 2512
2952 2 1 2 2511 2552 2553
2953 2 1 2 2512 2513 2554
2954 2 1 2 2512 2554 2553
2955 2 1 2 2513 2555 2514
2956 2 1 2 2513 2554 2555
2957 2 1 2 2514 2515 2556
2958 2 1 2 2514 2556 2555
2959 2 1 2 2515 2557 2516
2960 2 1 2 2515 2556 2557
2961 2 1 1 2517 2559 2518
2962 2 1 1 2517 2558 2559
2963 2 1 1 2518 2519 2560
2964 2 1 1 2518 2560 2559
2965 2 1 1 2519 2561 2520
2966 2 1 1 2519 2560 2561
2967 2 1 1 2520 2521 2562
2968 2 1 1 2520 2562 2561
2969 2 1 1 2521 2563 2522
2970 2 1 1 2521 2562 2563
2971 2 1 1 2522 2523 2564
2972 2 1 1 2522 2564 2563
2973 2 1 1 2523 2565 2524
2974 2 1 1 2523 2564 2565
2975 2 1 1 2524 2525 2566
2976 2 1 1 2524 2566 2565
2977 2 1 1 2525 2567 2526
2978 2 1 1 2525 2566 2567
2979 2 1 1 2526 2527 2568
2980 2 1 1 2526 2568 2567
2981 2 1 1 2527 2569 2528
2982 2 1 1 2527 2568 2569
2983 2 1 1 2528 2529 2570
2984 2 1 1 2528 2570 2569
2985 2 1 1 2529 2571 2530
2986 2 1 1 2529 2570 2571
2987 2 1 1 2530 2531 2572
2988 2 1 1 2530 2572 2571
2989 2 1 1 2531 2573 2532
2990 2 1 1 2531 2572 2573
2991 2 1 1 2532 2533 2574
2992 2 1 1 2532 2574 2573
2993 2 1 1 2533 2575 2534
2994 2 1 1 2533 2574 2575
2995 2 1 1 2534 2535 2576
2996 2 1 1 2534 2576 2575
2997 2 1 1 2535 2577 2536
2998 2 1 1 2535 2576 2577
2999 2 1 1 2536 2537 2578
3000 2 1 1 2536 2578 2577
3001 2 1 2 2537 2579 2538
3002 2 1 2 2537 2578 2579
3003 2 1 2 2538 2539 2580
3004 2 1 2 2538 2580 2579
3005 2 1 2 2539 2581 2540
3006 2 1 2 2539 2580 2581
3007 2 1 2 2540 2541 2582
3008 2 1 2 2540 2582 2581
3009 2 1 2 2541 2583 2542
3010 2 1 2 2541 2582 2583
3011 2 1 2 2542 2543 2584
3012 2 1 2 2542 2584 2583
3013 2 1 2 2543 2585 2544
3014 2 1 2 2543 2584 2585
3015 2 1 2 2544 2545 2586
3016 2 1 2 2544 2586 2585
3017 2 1 2 2545 2587 2546
3018 2 1 2 2545 2586 2587
3019 2 1 2 2546 2547 2588
3020 2 1 2 2546 2588 2587
3021 2 1 2 2547 2589 2548
3022 2 1 2 2547 2588 2589
3023 2 1 2 2548 2549 2590
3024 2 1 2 2548 2590 2589
3025 2 1 2 2549 2591 2550
3026 2 1 2 2549 2590 2591
3027 2 1 2 2550 2551 2592
3028 2 1 2 2550 2592 2591
3029 2 1 2 2551 2593 2552
3030 2 1 2 2551 2592 2593
3031 2 1 2 2552 2553 2594
3032 2 1 2 2552 2594 2593
3033 2 1 2 2553 2595 2554
3034 2 1 2 2553 2594 2595
3035 2 1 2 2554 2555 2596
3036 2 1 2 2554 2596 2595
3037 2 1 2 2555 2597 2556
3038 2 1 2 2555 2596 2597
3039 2 1 2 2556 2557 2598
3040 2 1 2 2556 2598 2597
3041 2 1 1 2558 2559 2600
3042 2 1 1 2558 2600 2599
3043 2 1 1 2559 2601 2560
3044 2 1 1 2559 2600 2601
3045 2 1 1 2560 2561 2602
3046 2 1 1 2560 2602 2601
3047 2 1 1 2561 2603 2562
3048 2 1 1 2561 2602 2603
3049 2 1 1 2562 2563 2604
3050 2 1 1 2562 2604 2603
3051 2 1 1 2563 2605 2564
3052 2 1 1 2563 2604 2605
3053 2 1 1 2564 2565 2606
3054 2 1 1 2564 2606 2605
3055 2 1 1 2565 2607 2566
3056 2 1 1 2565 2606 2607
3057 2 1 1 2566 2567 2608
3058 2 1 1 2566 2608 2607
3059 2 1 1 2567 2609 2568
3060 2 1 1 2567 2608 2609
3061 2 1 1 2568 2569 2610
3062 2 1 1 2568 2610 2609
3063 2 1 1 2569 2611 2570
3064 2 1 1 2569 2610 2611
3065 2 1 1 2570 2571 2612
3066 2 1 1 2570 2612 2611
3067 2 1 1 2571 2613 2572
3068 2 1 1 2571 2612 2613
3069 2 1 1 2572 2573 2614
3070 2 1 1 2572 2614 2613
3071 2 1 1 2573 2615 2574
3072 2 1 1 2573 2614 2615
3073 2 1 1 2574 2575 2616
3074 2 1 1 2574 2616 2615
3075 2 1 1 2575 2617 2576
3076 2 1 1 2575 2616 2617
3077 2 1 1 2576 2577 2618
3078 2 1 1 2576 2618 2617
3079 2 1 1 2577 2619 2578
3080 2 1 1 2577 2618 2619
3081 2 1 2 2578 2579 2620
3082 2 1 2 2578 2620 2619
3083 2 1 2 2579 2621 2580
3084 2 1 2 2579 2620 2621
3085 2 1 2 2580 2581 2622
3086 2 1 2 2580 2622 2621
3087 2 1 2 2581 2623 2582
3088 2 1 2 2581 2622 2623
3089 2 1 2 2582 2583 2624
3090 2 1 2 2582 2624 2623
3091 2 1 2 2583 2625 2584
3092 2 1 2 2583 2624 2625
3093 2 1 2 2584 2585 2626
3094 2 1 2 2584 2626 2625
3095 2 1 2 2585 2627 2586
3096 2 1 2 2585 2626 2627
3097 2 1 2 2586 2587 2628
3098 2 1 2 2586 2628 2627
3099 2 1 2 2587 2629 2588
3100 2 1 2 2587 2628 2629
3101 2 1 2 2588 2589 2630
3102 2 1 2 2588 2630 2629
3103 2 1 2 2589 2631 2590
3104 2 1 2 2589 2630 2631
3105 2 1 2 2590 2591 2632
3106 2 1 2 2590 2632 2631
3107 2 1 2 2591 2633 2592
3108 2 1 2 2591 2632 2633
3109 2 1 2 2592 2593 2634
3110 2 1 2 2592 2634 2633
3111 2 1 2 2593 2635 2594
3112 2 1 2 2593 2634 2635
3113 2 1 2 2594 2595 2636
3114 2 1 2 2594 2636 2635
3115 2 1 2 2595 2637 2596
3116 2 1 2 2595 2636 2637
3117 2 1 2 2596 2597 2638
3118 2 1 2 2596 2638 2637
3119 2 1 2 2597 2639 2598
3120 2 1 2 2597 2638 2639
3121 2 1 1 2599 2641 2600
3122 2 1 1 2599 2640 2641
3123 2 1 1 2600 2601 2642
3124 2 1 1 2600 2642 2641
3125 2 1 1 2601 2643 2602
3126 2 1 1 2601 2642 2643
3127 2 1 1 2602 2603 2644
3128 2 1 1 2602 2644 2643
3129 2 1 1 2603 2645 2604
3130 2 1 1 2603 2644 2645
3131 2 1 1 2604 2605 2646
3132 2 1 1 2604 2646 2645
3133 2 1 1 2605 2647 2606
3134 2 1 1 2605 2646 2647
3135 2 1 1 2606 2607 2648
3136 2 1 1 2606 2648 2647
3137 2 1 1 2607 2649 2608
3138 2 1 1 2607 2648 2649
3139 2 1 1 2608 2609 2650
3140 2 1 1 2608 2650 2649
3141 2 1 1 2609 2651 2610
3142 2 1 1 2609 2650 2651
3143 2 1 1 2610 2611 2652
3144 2 1 1 2610 2652 2651
3145 2 1 1 2611 2653 2612
3146 2 1 1 2611 2652 2653
3147 2 1 1 2612 2613 2654
3148 2 1 1 2612 2654 2653
3149 2 1 1 2613 2655 2614
3150 2 1 1 2613 2654 2655
3151 2 1 1 2614 2615 2656
3152 2 1 1 2614 2656 2655
3153 2 1 1 2615 2657 2616
3154 2 1 1 2615 2656 2657
3155 2 1 1 2616 2617 2658
3156 2 1 1 2616 2658 2657
3157 2 1 1 2617 2659 2618
3158 2 1 1 2617 2658 2659
3159 2 1 1 2618 2619 2660
3160 2 1 1 2618 2660 2659
3161 2 1 2 2619 2661 2620
3162 2 1 2 2619 2660 2661
3163 2 1 2 2620 2621 2662
3164 2 1 2 2620 2662 2661
3165 2 1 2 2621 2663 2622
3166 2 1 2 2621 2662 2663
3167 2 1 2 2622 2623 2664
3168 2 1 2 2622 2664 2663
3169 2 1 2 2623 2665 2624
3170 2 1 2 2623 2664 2665
3171 2 1 2 2624 2625 2666
3172 2 1 2 2624 2666 2665
3173 2 1 2 2625 2667 2626
3174 2 1 2 2625 2666 2667
3175 2 1 2 2626 2627 2668
3176 2 1 2 2626 2668 2667
3177 2 1 2 2627 2669 2628
3178 2 1 2 2627 2668 2669
3179 2 1 2 2628 2629 2670
3180 2 1 2 2628 2670 2669
3181 2 1 2 2629 2671 2630
3182 2 1 2 2629 2670 2671
3183 2 1 2 2630 2631 2672
3184 2 1 2 2630 2672 2671
3185 2 1 2 2631 2673 2632
3186 2 1 2 2631 2672 2673
3187 2 1 2 2632 2633 2674
3188 2 1 2 2632 2674 2673
3189 2 1 2 2633 2675 2634
3190 2 1 2 2633 2674 2675
3191 2 1 2 2634 2635 2676
3192 2 1 2 2634 2676 2675
3193 2 1 2 2635 2677 2636
3194 2 1 2 2635 2676 2677
3195 2 1 2 2636 2637 2678
3196 2 1 2 2636 2678 2677
3197 2 1 2 2637 2679 2638
3198 2 1 2 2637 2678 2679
3199 2 1 2 2638 2639 2680
3200 2 1 2 2638 2680 2679
3201 1 1 10 1000 1041
3202 1 1 10 1041 1082
3203 1 1 10 1082 1123
3204 1 1 10 1123 1164
3205 1 1 10 1164 1205
3206 1 1 10 1205 1246
3207 1 1 10 1246 1287
3208 1 1 10 1287 1328
3209 1 1 10 1328 1369
3210 1 1 10 1369 1410
3211 1 1 10 1410 1451
3212 1 1 10 1451 1492
3213 1 1 10 1492 1533
3214 1 1 10 1533 1574
3215 1 1 10 1574 1615
3216 1 1 10 1615 1656
3217 1 1 10 1656 1697
3218 1 1 10 1697 1738
3219 1 1 10 1738 1779
3220 1 1 10 1779 1820
3221 1 1 10 1820 1861
3222 1 1 10 1861 1902
3223 1 1 10 1902 1943
3224 1 1 10 1943 1984
3225 1 1 10 1984 2025
3226 1 1 10 2025 2066
3227 1 1 10 2066 2107
3228 1 1 10 2107 2148
3229 1 1 10 2148 2189
3230 1 1 10 2189 2230
3231 1 1 10 2230 2271
3232 1 1 10 2271 2312
3233 1 1 10 2312 2353
3234 1 1 10 2353 2394
3235 1 1 10 2394 2435
3236 1 1 10 2435 2476
3237 1 1 10 2476 2517
3238 1 1 10 2517 2558
3239 1 1 10 2558 2599
3240 1 1 10 2599 2640
3241 1 1 11 1040 1081
3242 1 1 11 1081 1122
3243 1 1 11 1122 1163
3244 1 1 11 1163 1204
3245 1 1 11 1204 1245
3246 1 1 11 1245 1286
3247 1 1 11 1286 1327
3248 1 1 11 1327 1368
3249 1 1 11 1368 1409
3250 1 1 11 1409 1450
3251 1 1 11 1450 1491
3252 1 1 11 1491 1532
3253 1 1 11 1532 1573
3254 1 1 11 1573 1614
3255 1 1 11 1614 1655
3256 1 1 11 1655 1696
3257 1 1 11 1696 1737
3258 1 1 11 1737 1778
3259 1 1 11 1778 1819
3260 1 1 11 1819 1860
3261 1 1 11 1860 1901
3262 1 1 11 1901 1942
3263 1 1 11 1942 1983
3264 1 1 11 1983 2024
3265 1 1 11 2024 2065
3266 1 1 11 2065 2106
3267 1 1 11 2106 2147
3268 1 1 11 2147 2188
3269 1 1 11 2188 2229
3270 1 1 11 2229 2270
3271 1 1 11 2270 2311
3272 1 1 11 2311 2352
3273 1 1 11 2352 2393
3274 1 1 11 2393 2434
3275 1 1 11 2434 2475
3276 1 1 11 2475 2516
3277 1 1 11 2516 2557
3278 1 1 11 2557 2598
3279 1 1 11 2598 2639
3280 1 1 11 2639 2680
3281 1 1 12 1000 1001
3282 1 1 12 2640 2641
3283 1 1 12 1001 1002
3284 1 1 12 2641 2642
3285 1 1 12 1002 1003
3286 1 1 12 2642 2643
3287 1 1 12 1003 1004
3288 1 1 12 2643 2644
3289 1 1 12 1004 1005
3290 1 1 12 2644 2645
3291 1 1 12 1005 1006
3292 1 1 12 2645 2646
3293 1 1 12 1006 1007
3294 1 1 12 2646 2647
3295 1 1 12 1007 1008
3296 1 1 12 2647 2648
3297 1 1 12 1008 1009
3298 1 1 12 2648 2649
3299 1 1 12 1009 1010
3300 1 1 12 2649 2650
3301 1 1 12 1010 1011
3302 1 1 12 2650 2651
3303 1 1 12 1011 1012
3304 1 1 12 2651 2652
3305 1 1 12 1012 1013
3306 1 1 12 2652 2653
3307 1 1 12 1013 1014
3308 1 1 12 2653 2654
3309 1 1 12 1014 1015
3310 1 1 12 2654 2655
3311 1 1 12 1015 1016
3312 1 1 12 2655 2656
3313 1 1 12 1016 1017
3314 1 1 12 2656 2657
3315 1 1 12 1017 1018
3316 1 1 12 2657 2658
3317 1 1 12 1018 1019
3318 1 1 12 2658 2659
3319 1 1 12 1019 1020
3320 1 1 12 2659 2660
3321 1 1 12 1020 1021
3322 1 1 12 2660 2661
3323 1 1 12 1021 1022
3324 1 1 12 2661 2662
3325 1 1 12 1022 1023
3326 1 1 12 2662 2663
3327 1 1 12 1023 1024
3328 1 1 12 2663 2664
3329 1 1 12 1024 1025
3330 1 1 12 2664 2665
3331 1 1 12 1025 1026
3332 1 1 12 2665 2666
3333 1 1 12 1026 1027
3334 1 1 12 2666 2667
3335 1 1 12 1027 1028
3336 1 1 12 2667 2668
3337 1 1 12 1028 1029
3338 1 1 12 2668 2669
3339 1 1 12 1029 1030
3340 1 1 12 2669 2670
3341 1 1 12 1030 1031
3342 1 1 12 2670 2671
3343 1 1 12 1031 1032
3344 1 1 12 2671 2672
3345 1 1 12 1032 1033
3346 1 1 12 2672 2673
3347 1 1 12 1033 1034
3348 1 1 12 2673 2674
3349 1 1 12 1034 1035
3350 1 1 12 2674 2675
3351 1 1 12 1035 1036
3352 1 1 12 2675 2676
3353 1 1 12 1036 1037
3354 1 1 12 2676 2677
3355 1 1 12 1037 1038
3356 1 1 12 2677 2678
3357 1 1 12 1038 1039
3358 1 1 12 2678 2679
3359 1 1 12 1039 1040
3360 1 1 12 2679 2680
$EndElements
